item_id,brand,model_name,price_inr,ram_gb,weight_g,front_camera_mp,back_camera_mp,battery_mah,screen_size_in,processor,launched_year
1,Apple,iPhone 16 128GB,79999,6.0,174.0,12.0,48.0,3600,6.1,A17 Bionic,2024
2,Apple,iPhone 16 256GB,84999,6.0,174.0,12.0,48.0,3600,6.1,A17 Bionic,2024
3,Apple,iPhone 16 512GB,89999,6.0,174.0,12.0,48.0,3600,6.1,A17 Bionic,2024
4,Apple,iPhone 16 Plus 128GB,89999,6.0,203.0,12.0,48.0,4200,6.7,A17 Bionic,2024
5,Apple,iPhone 16 Plus 256GB,94999,6.0,203.0,12.0,48.0,4200,6.7,A17 Bionic,2024
6,Apple,iPhone 16 Plus 512GB,104999,6.0,203.0,12.0,48.0,4200,6.7,A17 Bionic,2024
7,Apple,iPhone 16 Pro 128GB,99999,6.0,206.0,12.0,50.0,4400,6.1,A17 Pro,2024
8,Apple,iPhone 16 Pro 256GB,104999,8.0,206.0,12.0,50.0,4400,6.1,A17 Pro,2024
9,Apple,iPhone 16 Pro 512GB,114999,8.0,206.0,12.0,50.0,4400,6.1,A17 Pro,2024
10,Apple,iPhone 16 Pro Max 128GB,109999,6.0,221.0,12.0,48.0,4500,6.7,A17 Pro,2024
11,Apple,iPhone 16 Pro Max 256GB,114999,8.0,221.0,12.0,48.0,4500,6.7,A17 Pro,2024
12,Apple,iPhone 16 Pro Max 512GB,124999,8.0,221.0,12.0,48.0,4500,6.7,A17 Pro,2024
13,Apple,iPhone 15 128GB,74999,6.0,171.0,12.0,48.0,3200,6.1,A16 Bionic,2023
14,Apple,iPhone 15 256GB,79999,6.0,171.0,12.0,48.0,3200,6.1,A16 Bionic,2023
15,Apple,iPhone 15 512GB,89999,6.0,171.0,12.0,48.0,3200,6.1,A16 Bionic,2023
16,Apple,iPhone 15 Plus 128GB,84999,6.0,203.0,12.0,48.0,4300,6.7,A16 Bionic,2023
17,Apple,iPhone 15 Plus 256GB,94999,6.0,203.0,12.0,48.0,4300,6.7,A16 Bionic,2023
18,Apple,iPhone 15 Plus 512GB,104999,6.0,203.0,12.0,48.0,4300,6.7,A16 Bionic,2023
19,Apple,iPhone 15 Pro 128GB,99999,6.0,206.0,12.0,48.0,4400,6.1,A16 Bionic,2023
20,Apple,iPhone 15 Pro 256GB,109999,8.0,206.0,12.0,48.0,4400,6.1,A16 Bionic,2023
21,Apple,iPhone 15 Pro 512GB,119999,8.0,206.0,12.0,48.0,4400,6.1,A16 Bionic,2023
22,Apple,iPhone 15 Pro Max 128GB,114999,6.0,221.0,12.0,48.0,4500,6.7,A16 Bionic,2023
23,Apple,iPhone 15 Pro Max 256GB,124999,8.0,221.0,12.0,48.0,4500,6.7,A16 Bionic,2023
24,Apple,iPhone 15 Pro Max 512GB,134999,8.0,221.0,12.0,48.0,4500,6.7,A16 Bionic,2023
25,Apple,iPhone 14 128GB,69999,6.0,172.0,12.0,12.0,3200,6.1,A15 Bionic,2022
26,Apple,iPhone 14 256GB,74999,6.0,172.0,12.0,12.0,3200,6.1,A15 Bionic,2022
27,Apple,iPhone 14 512GB,84999,6.0,172.0,12.0,12.0,3200,6.1,A15 Bionic,2022
28,Apple,iPhone 14 Plus 128GB,79999,6.0,203.0,12.0,12.0,4325,6.7,A15 Bionic,2022
29,Apple,iPhone 14 Plus 256GB,84999,6.0,203.0,12.0,12.0,4325,6.7,A15 Bionic,2022
30,Apple,iPhone 14 Plus 512GB,94999,6.0,203.0,12.0,12.0,4325,6.7,A15 Bionic,2022
31,Apple,iPhone 14 Pro 128GB,109999,6.0,206.0,12.0,48.0,4200,6.1,A16 Bionic,2022
32,Apple,iPhone 14 Pro 256GB,119999,8.0,206.0,12.0,48.0,4200,6.1,A16 Bionic,2022
33,Apple,iPhone 14 Pro 512GB,134999,8.0,206.0,12.0,48.0,4200,6.1,A16 Bionic,2022
34,Apple,iPhone 14 Pro Max 128GB,124999,6.0,221.0,12.0,48.0,4500,6.7,A16 Bionic,2022
35,Apple,iPhone 14 Pro Max 256GB,134999,8.0,221.0,12.0,48.0,4500,6.7,A16 Bionic,2022
36,Apple,iPhone 14 Pro Max 512GB,144999,8.0,221.0,12.0,48.0,4500,6.7,A16 Bionic,2022
37,Apple,iPhone 13 mini 128GB,69900,4.0,140.0,12.0,12.0,2438,5.4,A15 Bionic,2021
38,Apple,iPhone 13 mini 256GB,74900,4.0,140.0,12.0,12.0,2438,5.4,A15 Bionic,2021
39,Apple,iPhone 13 mini 512GB,84900,4.0,140.0,12.0,12.0,2438,5.4,A15 Bionic,2021
40,Apple,iPhone 13 128GB,74900,4.0,174.0,12.0,12.0,3240,6.1,A15 Bionic,2021
41,Apple,iPhone 13 256GB,84900,4.0,174.0,12.0,12.0,3240,6.1,A15 Bionic,2021
42,Apple,iPhone 13 512GB,94900,4.0,174.0,12.0,12.0,3240,6.1,A15 Bionic,2021
43,Apple,iPhone 13 Pro 128GB,119900,6.0,204.0,12.0,12.0,3095,6.1,A15 Bionic,2021
44,Apple,iPhone 13 Pro 256GB,129900,6.0,204.0,12.0,12.0,3095,6.1,A15 Bionic,2021
45,Apple,iPhone 13 Pro 512GB,139900,6.0,204.0,12.0,12.0,3095,6.1,A15 Bionic,2021
46,Apple,iPhone 13 Pro Max 128GB,129900,6.0,238.0,12.0,12.0,4352,6.7,A15 Bionic,2021
47,Apple,iPhone 13 Pro Max 256GB,139900,6.0,238.0,12.0,12.0,4352,6.7,A15 Bionic,2021
48,Apple,iPhone 13 Pro Max 512GB,149900,6.0,238.0,12.0,12.0,4352,6.7,A15 Bionic,2021
49,Apple,iPhone 12 mini 64GB,69900,4.0,135.0,12.0,12.0,2227,5.4,A14 Bionic,2020
50,Apple,iPhone 12 mini 128GB,74900,4.0,135.0,12.0,12.0,2227,5.4,A14 Bionic,2020
51,Apple,iPhone 12 mini 256GB,84900,4.0,135.0,12.0,12.0,2227,5.4,A14 Bionic,2020
52,Apple,iPhone 12 64GB,74900,4.0,164.0,12.0,12.0,2815,6.1,A14 Bionic,2020
53,Apple,iPhone 12 128GB,84900,4.0,164.0,12.0,12.0,2815,6.1,A14 Bionic,2020
54,Apple,iPhone 12 256GB,94900,4.0,164.0,12.0,12.0,2815,6.1,A14 Bionic,2020
55,Apple,iPhone 12 Pro 128GB,119900,6.0,189.0,12.0,12.0,2815,6.1,A14 Bionic,2020
56,Apple,iPhone 12 Pro 256GB,129900,6.0,189.0,12.0,12.0,2815,6.1,A14 Bionic,2020
57,Apple,iPhone 12 Pro 512GB,139900,6.0,189.0,12.0,12.0,2815,6.1,A14 Bionic,2020
58,Apple,iPhone 12 Pro Max 128GB,129900,6.0,228.0,12.0,12.0,3687,6.7,A14 Bionic,2020
59,Apple,iPhone 12 Pro Max 256GB,139900,6.0,228.0,12.0,12.0,3687,6.7,A14 Bionic,2020
60,Apple,iPhone 12 Pro Max 512GB,149900,6.0,228.0,12.0,12.0,3687,6.7,A14 Bionic,2020
61,Apple,iPhone 11 64GB,64900,4.0,194.0,12.0,12.0,3110,6.1,A13 Bionic,2019
62,Apple,iPhone 11 128GB,74900,4.0,194.0,12.0,12.0,3110,6.1,A13 Bionic,2019
63,Apple,iPhone 11 256GB,84900,4.0,194.0,12.0,12.0,3110,6.1,A13 Bionic,2019
64,Apple,iPhone 11 Pro 64GB,99900,4.0,188.0,12.0,12.0,3046,5.8,A13 Bionic,2019
65,Apple,iPhone 11 Pro 256GB,109900,4.0,188.0,12.0,12.0,3046,5.8,A13 Bionic,2019
66,Apple,iPhone 11 Pro 512GB,119900,4.0,188.0,12.0,12.0,3046,5.8,A13 Bionic,2019
67,Apple,iPhone 11 Pro Max 64GB,109900,4.0,226.0,12.0,12.0,3969,6.5,A13 Bionic,2019
68,Apple,iPhone 11 Pro Max 256GB,119900,4.0,226.0,12.0,12.0,3969,6.5,A13 Bionic,2019
69,Apple,iPhone 11 Pro Max 512GB,129900,4.0,226.0,12.0,12.0,3969,6.5,A13 Bionic,2019
70,Apple,iPhone X 64GB,89900,3.0,174.0,7.0,12.0,2716,5.8,A11 Bionic,2017
71,Apple,iPhone X 256GB,99900,3.0,174.0,7.0,12.0,2716,5.8,A11 Bionic,2017
72,Apple,iPhone XS 64GB,99900,4.0,177.0,7.0,12.0,2658,5.8,A12 Bionic,2018
73,Apple,iPhone XS 256GB,109900,4.0,177.0,7.0,12.0,2658,5.8,A12 Bionic,2018
74,Apple,iPhone XS 512GB,119900,4.0,177.0,7.0,12.0,2658,5.8,A12 Bionic,2018
75,Apple,iPhone XS Max 64GB,109900,4.0,208.0,7.0,12.0,3174,6.5,A12 Bionic,2018
76,Apple,iPhone XS Max 256GB,119900,4.0,208.0,7.0,12.0,3174,6.5,A12 Bionic,2018
77,Apple,iPhone XS Max 512GB,129900,4.0,208.0,7.0,12.0,3174,6.5,A12 Bionic,2018
78,Apple,iPhone XR 64GB,64900,3.0,194.0,7.0,12.0,2942,6.1,A12 Bionic,2018
79,Apple,iPhone XR 128GB,74900,3.0,194.0,7.0,12.0,2942,6.1,A12 Bionic,2018
80,Apple,iPhone XR 256GB,84900,3.0,194.0,7.0,12.0,2942,6.1,A12 Bionic,2018
81,Apple,iPad Air 10.9-inch 64GB,54900,4.0,458.0,12.0,12.0,7608,10.9,A14 Bionic,2020
82,Apple,iPad Air 10.9-inch 256GB,64900,4.0,458.0,12.0,12.0,7608,10.9,A14 Bionic,2020
83,Apple,iPad 10.2-inch 32GB,29900,3.0,490.0,12.0,8.0,8612,10.2,A13 Bionic,2020
84,Apple,iPad 10.2-inch 128GB,39900,3.0,490.0,12.0,8.0,8612,10.2,A13 Bionic,2020
85,Apple,iPad Mini 7.9-inch 64GB,39900,3.0,300.5,7.0,8.0,5124,7.9,A12 Bionic,2019
86,Apple,iPad Mini 7.9-inch 256GB,49900,3.0,300.5,7.0,8.0,5124,7.9,A12 Bionic,2019
87,Apple,iPad Pro 11-inch 128GB,71900,4.0,468.0,7.0,12.0,7812,11.0,A12Z Bionic,2020
88,Apple,iPad Pro 11-inch 256GB,89900,4.0,468.0,7.0,12.0,7812,11.0,A12Z Bionic,2020
89,Apple,iPad Pro 11-inch 512GB,109900,6.0,468.0,7.0,12.0,7812,11.0,A12Z Bionic,2020
90,Apple,iPad Pro 12.9-inch 128GB,94900,6.0,682.0,7.0,12.0,9720,12.9,A12Z Bionic,2020
91,Apple,iPad Pro 12.9-inch 256GB,109900,6.0,682.0,7.0,12.0,9720,12.9,A12Z Bionic,2020
92,Apple,iPad Pro 12.9-inch 512GB,119900,6.0,682.0,7.0,12.0,9720,12.9,A12Z Bionic,2020
93,Apple,iPad Pro 13-inch 128GB,119900,6.0,708.0,7.0,12.0,10307,13.0,A12Z Bionic,2020
94,Apple,iPad Pro 13-inch 256GB,139900,6.0,708.0,7.0,12.0,10307,13.0,A12Z Bionic,2020
95,Apple,iPad Pro 13-inch 512GB,159900,6.0,708.0,7.0,12.0,10307,13.0,A12Z Bionic,2020
96,Apple,iPad Pro 13-inch 1TB,179900,6.0,708.0,7.0,12.0,10307,13.0,A12Z Bionic,2020
97,Apple,iPad Pro 13-inch 2TB,199900,6.0,708.0,7.0,12.0,10307,13.0,A12Z Bionic,2020
98,Samsung,Galaxy S24 Ultra 128GB,104900,12.0,234.0,12.0,200.0,5000,6.8,Exynos 2400,2024
99,Samsung,Galaxy S24 Ultra 256GB,114900,12.0,234.0,12.0,200.0,5000,6.8,Exynos 2400,2024
100,Samsung,Galaxy S24+ 128GB,89900,8.0,196.0,12.0,50.0,4800,6.6,Exynos 2400,2024
101,Samsung,Galaxy S24+ 256GB,99900,8.0,196.0,12.0,50.0,4800,6.6,Exynos 2400,2024
102,Samsung,Galaxy S24 128GB,79900,8.0,168.0,12.0,50.0,4000,6.1,Exynos 2400,2024
103,Samsung,Galaxy S24 256GB,89900,8.0,168.0,12.0,50.0,4000,6.1,Exynos 2400,2024
104,Samsung,Galaxy S23 Ultra 128GB,99900,12.0,228.0,12.0,200.0,5000,6.8,Snapdragon 8 Gen 2,2023
105,Samsung,Galaxy S23 Ultra 256GB,109900,12.0,228.0,12.0,200.0,5000,6.8,Snapdragon 8 Gen 2,2023
106,Samsung,Galaxy S23+ 128GB,79900,8.0,196.0,12.0,50.0,4700,6.6,Snapdragon 8 Gen 2,2023
107,Samsung,Galaxy S23+ 256GB,89900,8.0,196.0,12.0,50.0,4700,6.6,Snapdragon 8 Gen 2,2023
108,Samsung,Galaxy S23 128GB,69900,8.0,168.0,12.0,50.0,3900,6.1,Snapdragon 8 Gen 2,2023
109,Samsung,Galaxy S23 256GB,79900,8.0,168.0,12.0,50.0,3900,6.1,Snapdragon 8 Gen 2,2023
110,Samsung,Galaxy S22 Ultra 128GB,94900,12.0,228.0,10.0,108.0,5000,6.8,Exynos 2200,2022
111,Samsung,Galaxy S22 Ultra 256GB,104900,12.0,228.0,10.0,108.0,5000,6.8,Exynos 2200,2022
112,Samsung,Galaxy S22+ 128GB,79900,8.0,195.0,10.0,50.0,4500,6.6,Exynos 2200,2022
113,Samsung,Galaxy S22+ 256GB,89900,8.0,195.0,10.0,50.0,4500,6.6,Exynos 2200,2022
114,Samsung,Galaxy S22 128GB,69900,8.0,167.0,10.0,50.0,3800,6.1,Exynos 2200,2022
115,Samsung,Galaxy S22 256GB,79900,8.0,167.0,10.0,50.0,3800,6.1,Exynos 2200,2022
116,Samsung,Galaxy Z Fold 5 256GB,154900,12.0,254.0,10.0,50.0,4400,7.6,Snapdragon 8 Gen 2,2023
117,Samsung,Galaxy Z Fold 5 512GB,174900,12.0,254.0,10.0,50.0,4400,7.6,Snapdragon 8 Gen 2,2023
118,Samsung,Galaxy Z Flip 5 256GB,94900,8.0,187.0,12.0,12.0,3700,6.7,Snapdragon 8 Gen 2,2023
119,Samsung,Galaxy Z Flip 5 512GB,104900,8.0,187.0,12.0,12.0,3700,6.7,Snapdragon 8 Gen 2,2023
120,Samsung,Galaxy Z Fold 4 256GB,134900,12.0,263.0,10.0,50.0,4400,7.6,Snapdragon 8 Gen 1,2022
121,Samsung,Galaxy Z Fold 4 512GB,154900,12.0,263.0,10.0,50.0,4400,7.6,Snapdragon 8 Gen 1,2022
122,Samsung,Galaxy Z Flip 4 256GB,84900,8.0,187.0,10.0,12.0,3700,6.7,Snapdragon 8 Gen 1,2022
123,Samsung,Galaxy Z Flip 4 512GB,94900,8.0,187.0,10.0,12.0,3700,6.7,Snapdragon 8 Gen 1,2022
124,Samsung,Galaxy A54 128GB,27999,6.0,189.0,32.0,50.0,5000,6.4,Exynos 1380,2023
125,Samsung,Galaxy A54 256GB,32999,6.0,189.0,32.0,50.0,5000,6.4,Exynos 1380,2023
126,Samsung,Galaxy A34 128GB,22999,6.0,199.0,13.0,48.0,5000,6.6,MediaTek Dimensity 1080,2023
127,Samsung,Galaxy A34 256GB,27999,6.0,199.0,13.0,48.0,5000,6.6,MediaTek Dimensity 1080,2023
128,Samsung,Galaxy A24 128GB,19999,6.0,195.0,13.0,50.0,5000,6.5,MediaTek Helio G99,2023
129,Samsung,Galaxy A24 256GB,24999,6.0,195.0,13.0,50.0,5000,6.5,MediaTek Helio G99,2023
130,Samsung,Galaxy A14 128GB,18499,4.0,190.0,13.0,50.0,5000,6.6,Exynos 850,2023
131,Samsung,Galaxy A14 256GB,21999,4.0,190.0,13.0,50.0,5000,6.6,Exynos 850,2023
132,Samsung,Galaxy A04 64GB,14999,4.0,188.0,5.0,50.0,5000,6.5,Exynos 850,2022
133,Samsung,Galaxy A04 128GB,18499,4.0,188.0,5.0,50.0,5000,6.5,Exynos 850,2022
134,Samsung,Galaxy M54 128GB,23999,8.0,202.0,32.0,108.0,6000,6.7,Exynos 1380,2023
135,Samsung,Galaxy M54 256GB,26999,8.0,202.0,32.0,108.0,6000,6.7,Exynos 1380,2023
136,Samsung,Galaxy M34 128GB,17999,6.0,199.0,13.0,50.0,6000,6.5,Exynos 1280,2023
137,Samsung,Galaxy M34 256GB,20999,6.0,199.0,13.0,50.0,6000,6.5,Exynos 1280,2023
138,Samsung,Galaxy M14 128GB,14999,4.0,202.0,13.0,50.0,6000,6.6,Exynos 850,2023
139,Samsung,Galaxy M14 256GB,17999,4.0,202.0,13.0,50.0,6000,6.6,Exynos 850,2023
140,Samsung,Galaxy M04 64GB,12999,4.0,188.0,5.0,13.0,5000,6.5,MediaTek Helio P35,2022
141,Samsung,Galaxy M04 128GB,15999,4.0,188.0,5.0,13.0,5000,6.5,MediaTek Helio P35,2022
142,Samsung,Galaxy F54 128GB,23999,8.0,199.0,32.0,108.0,6000,6.7,Exynos 1380,2023
143,Samsung,Galaxy F54 256GB,26999,8.0,199.0,32.0,108.0,6000,6.7,Exynos 1380,2023
144,Samsung,Galaxy F34 128GB,18999,6.0,190.0,13.0,50.0,6000,6.5,Exynos 1280,2023
145,Samsung,Galaxy F34 256GB,21999,6.0,190.0,13.0,50.0,6000,6.5,Exynos 1280,2023
146,Samsung,Galaxy F14 128GB,14999,4.0,198.0,13.0,50.0,6000,6.6,Exynos 850,2023
147,Samsung,Galaxy F14 256GB,17999,4.0,198.0,13.0,50.0,6000,6.6,Exynos 850,2023
148,Samsung,Galaxy Note 20 Ultra 128GB,99999,12.0,208.0,10.0,108.0,4500,6.9,Exynos 990,2020
149,Samsung,Galaxy Note 20 Ultra 256GB,104999,12.0,208.0,10.0,108.0,4500,6.9,Exynos 990,2020
150,Samsung,Galaxy Note 20 128GB,77999,8.0,192.0,10.0,108.0,4300,6.7,Exynos 990,2020
151,Samsung,Galaxy Note 20 256GB,89999,8.0,192.0,10.0,108.0,4300,6.7,Exynos 990,2020
152,Samsung,Galaxy Note 10+ 256GB,74999,12.0,196.0,10.0,16.0,4300,6.8,Exynos 9825,2019
153,Samsung,Galaxy Note 10+ 512GB,84999,12.0,196.0,10.0,16.0,4300,6.8,Exynos 9825,2019
154,Samsung,Galaxy Note 10 256GB,64999,8.0,168.0,10.0,16.0,3500,6.3,Exynos 9825,2019
155,Samsung,Galaxy Note 10 128GB,59999,8.0,168.0,10.0,16.0,3500,6.3,Exynos 9825,2019
156,Samsung,Galaxy Xcover 6 Pro 128GB,28999,6.0,235.0,13.0,50.0,4050,6.6,Exynos 1380,2022
157,Samsung,Galaxy Xcover 5 64GB,17499,4.0,172.0,5.0,16.0,3000,5.3,Exynos 850,2020
158,Samsung,Galaxy J8 64GB,18990,4.0,191.0,16.0,16.0,3500,6.0,Snapdragon 450,2018
159,Samsung,Galaxy J7 Pro 64GB,18990,3.0,181.0,13.0,13.0,3600,5.5,Exynos 7870,2017
160,Samsung,Galaxy J6+ 64GB,15999,4.0,178.0,8.0,13.0,3300,6.0,Snapdragon 425,2018
161,Samsung,Galaxy J4 16GB,9990,2.0,175.0,5.0,13.0,3000,5.5,Exynos 7570,2018
162,Samsung,Galaxy C9 Pro 64GB,32990,6.0,189.0,16.0,16.0,4000,6.0,Snapdragon 653,2016
163,Samsung,Galaxy C7 Pro 64GB,22990,4.0,165.0,16.0,16.0,3300,5.7,Snapdragon 625,2017
164,Samsung,Galaxy C5 32GB,19990,4.0,143.0,8.0,16.0,2600,5.2,Snapdragon 617,2016
165,Samsung,Galaxy W22 5G 256GB,99999,12.0,228.0,10.0,108.0,4500,7.6,Snapdragon 888,2021
166,Samsung,Galaxy W21 5G 256GB,89999,12.0,229.0,10.0,108.0,4500,7.6,Snapdragon 888,2020
167,Samsung,Galaxy Tab S9 Ultra 256GB,114999,12.0,732.0,12.0,13.0,11200,14.6,Snapdragon 8 Gen 2,2023
168,Samsung,Galaxy Tab S9+ 256GB,99999,12.0,586.0,12.0,13.0,10090,12.4,Snapdragon 8 Gen 2,2023
169,Samsung,Galaxy Tab S9 128GB,85999,8.0,498.0,12.0,13.0,8400,11.0,Snapdragon 8 Gen 2,2023
170,Samsung,Galaxy Tab S9 FE 128GB,49999,6.0,523.0,12.0,8.0,8000,10.9,Exynos 1380,2023
171,Samsung,Galaxy Tab S8 Ultra 256GB,109999,12.0,726.0,12.0,13.0,11200,14.6,Snapdragon 8 Gen 1,2022
172,Samsung,Galaxy Tab S8+ 256GB,94999,8.0,567.0,12.0,13.0,10090,12.4,Snapdragon 8 Gen 1,2022
173,Samsung,Galaxy Tab S8 128GB,74999,8.0,503.0,12.0,13.0,8000,11.0,Snapdragon 8 Gen 1,2022
174,Samsung,Galaxy Tab A9+ 128GB,22999,8.0,480.0,5.0,8.0,7040,11.0,Snapdragon 695,2023
175,Samsung,Galaxy Tab A9 64GB,16999,4.0,366.0,2.0,8.0,5100,8.7,MediaTek Helio G99,2023
176,Samsung,Galaxy Tab A8 64GB,17999,4.0,508.0,5.0,8.0,7040,10.5,Unisoc T618,2022
177,Samsung,Galaxy Tab A7 Lite 32GB,11999,3.0,366.0,2.0,8.0,5100,8.7,MediaTek Helio P22T,2021
178,Samsung,Galaxy Tab Active 5 128GB,54999,6.0,433.0,5.0,13.0,5050,8.0,Exynos 1380,2024
179,Samsung,Galaxy Tab Active 4 Pro 128GB,64999,6.0,674.0,8.0,13.0,7600,10.1,Snapdragon 778G,2022
180,Samsung,Galaxy Tab Active 3 64GB,44999,4.0,426.0,5.0,13.0,5050,8.0,Exynos 9810,2020
181,Samsung,Galaxy Tab E 10.1 16GB,9999,1.5,490.0,2.0,5.0,5000,10.1,Spreadtrum SC8830,2016
182,Samsung,Galaxy Tab E 8.0 16GB,8499,1.5,360.0,2.0,5.0,5000,8.0,Qualcomm MSM8916,2016
183,OnePlus,OnePlus 12 256GB,74999,12.0,205.0,32.0,50.0,5000,6.7,Snapdragon 8 Gen 3,2024
184,OnePlus,OnePlus 12R 256GB,49999,12.0,203.0,16.0,50.0,4500,6.7,Snapdragon 8 Gen 2,2024
185,OnePlus,OnePlus 11 256GB,54999,12.0,205.0,16.0,50.0,5000,6.7,Snapdragon 8 Gen 1,2023
186,OnePlus,OnePlus 11R 256GB,44999,12.0,202.0,16.0,50.0,5000,6.7,Snapdragon 8 Gen 1,2023
187,OnePlus,OnePlus Nord 3 256GB,34999,12.0,190.0,16.0,50.0,5000,6.74,MediaTek Dimensity 9000,2023
188,OnePlus,OnePlus Nord CE 3 128GB,22999,8.0,179.0,16.0,50.0,5000,6.72,Snapdragon 782G,2023
189,OnePlus,OnePlus Nord CE 3 Lite 128GB,17999,8.0,195.0,16.0,108.0,5000,6.72,Snapdragon 695,2023
190,OnePlus,OnePlus Nord N30 5G 128GB,16999,8.0,192.0,16.0,64.0,5000,6.72,MediaTek Dimensity 6020,2023
191,OnePlus,OnePlus Open 256GB,74999,16.0,238.0,32.0,48.0,4800,7.8,Snapdragon 8 Gen 2,2024
192,OnePlus,OnePlus 10 Pro 256GB,64999,12.0,200.0,32.0,50.0,5000,6.7,Snapdragon 8 Gen 1,2022
193,OnePlus,OnePlus 10T 256GB,54999,12.0,203.0,16.0,50.0,4500,6.7,Snapdragon 8+ Gen 1,2022
194,OnePlus,OnePlus 9 Pro 256GB,59999,12.0,192.0,16.0,50.0,4500,6.7,Snapdragon 888,2021
195,OnePlus,OnePlus 9 128GB,39999,8.0,183.0,16.0,50.0,4500,6.55,Snapdragon 888,2021
196,OnePlus,OnePlus 11 Pro 256GB,74999,16.0,204.0,32.0,50.0,5000,6.7,Snapdragon 8 Gen 2,2023
197,OnePlus,OnePlus Nord 2T 128GB,28999,8.0,190.0,32.0,50.0,4500,6.43,MediaTek Dimensity 1300,2022
198,OnePlus,OnePlus Nord 2 128GB,27999,8.0,190.0,32.0,50.0,4500,6.43,MediaTek Dimensity 1200-AI,2021
199,OnePlus,OnePlus Nord N200 64GB,15999,4.0,189.0,16.0,13.0,5000,6.49,Snapdragon 480,2021
200,OnePlus,OnePlus Nord N100 64GB,12999,4.0,185.0,8.0,13.0,5000,6.52,Qualcomm Snapdragon 460,2020
201,OnePlus,OnePlus 8T Cyberpunk 2077 Edition 256GB,45999,12.0,188.0,16.0,48.0,4500,6.55,Snapdragon 865,2020
202,OnePlus,OnePlus 9T 128GB,49999,8.0,192.0,16.0,50.0,4500,6.55,Snapdragon 888,2021
203,OnePlus,OnePlus 8T 256GB,42999,12.0,188.0,16.0,48.0,4500,6.55,Snapdragon 865,2020
204,OnePlus,OnePlus 10T 5G 256GB,54999,12.0,203.0,16.0,50.0,4500,6.7,Snapdragon 8+ Gen 1,2022
205,OnePlus,OnePlus 9R 5G 128GB,39999,8.0,189.0,16.0,48.0,4500,6.55,Snapdragon 870,2021
206,OnePlus,OnePlus 8 Pro 256GB,54999,12.0,199.0,16.0,48.0,4510,6.78,Snapdragon 865,2020
207,OnePlus,OnePlus 8 128GB,41999,8.0,180.0,16.0,48.0,4300,6.55,Snapdragon 865,2020
208,OnePlus,OnePlus Nord CE 2 Lite 128GB,19999,6.0,195.0,16.0,64.0,5000,6.59,MediaTek Dimensity 900,2022
209,OnePlus,OnePlus Nord CE 2 128GB,23999,8.0,173.0,16.0,64.0,4500,6.43,MediaTek Dimensity 1200,2022
210,OnePlus,OnePlus Nord 1 128GB,22999,6.0,184.0,16.0,48.0,4115,6.44,Snapdragon 765G,2020
211,OnePlus,OnePlus Nord CE 5G 128GB,24999,6.0,170.0,16.0,64.0,4500,6.43,Snapdragon 750G,2021
212,OnePlus,OnePlus Nord 2 5G 128GB,27999,8.0,189.0,32.0,50.0,4500,6.43,MediaTek Dimensity 1200-AI,2021
213,OnePlus,OnePlus Nord N100 5G 64GB,12999,4.0,185.0,8.0,13.0,5000,6.52,Qualcomm Snapdragon 460,2020
214,OnePlus,OnePlus Nord N10 5G 128GB,19999,6.0,190.0,16.0,64.0,4300,6.49,Qualcomm Snapdragon 690,2020
215,OnePlus,OnePlus 8R 128GB,41999,8.0,192.0,16.0,48.0,4300,6.55,Snapdragon 865,2020
216,OnePlus,OnePlus 7R 128GB,38999,6.0,190.0,16.0,48.0,3700,6.41,Snapdragon 855,2020
217,OnePlus,OnePlus 6T McLaren Edition 256GB,50999,10.0,185.0,16.0,20.0,3700,6.41,Snapdragon 845,2018
218,OnePlus,OnePlus 5T Star Wars Edition 128GB,34999,6.0,162.0,16.0,20.0,3300,6.01,Snapdragon 835,2017
219,OnePlus,OnePlus 13R 128GB,74999,8.0,210.0,16.0,50.0,4500,6.7,Snapdragon 8 Gen 2,2023
220,OnePlus,OnePlus 11T 128GB,74999,12.0,202.0,32.0,50.0,5000,6.7,Snapdragon 8 Gen 2,2023
221,OnePlus,OnePlus 10R 128GB,49999,8.0,205.0,16.0,50.0,4500,6.7,MediaTek Dimensity 8100,2022
222,OnePlus,OnePlus 7 Pro 5G 256GB,59999,12.0,206.0,16.0,48.0,4000,6.67,Snapdragon 855,2019
223,OnePlus,OnePlus 6 Special Edition 128GB,37999,6.0,177.0,16.0,20.0,3300,6.28,Snapdragon 845,2018
224,OnePlus,OnePlus 5 Special Edition 128GB,36999,8.0,155.0,16.0,20.0,3300,5.5,Snapdragon 835,2017
225,OnePlus,OnePlus Nord X 128GB,24999,8.0,190.0,32.0,64.0,4000,6.44,Snapdragon 765G,2020
226,OnePlus,OnePlus 8 Pro McLaren Edition 256GB,59999,12.0,199.0,16.0,48.0,4510,6.78,Snapdragon 865,2020
227,OnePlus,OnePlus 8T Cyberpunk Edition 256GB,58999,12.0,188.0,16.0,48.0,4500,6.55,Snapdragon 865,2020
228,OnePlus,OnePlus 7T Pro 5G McLaren Edition 256GB,69999,12.0,206.0,16.0,48.0,4085,6.67,Snapdragon 855,2019
229,OnePlus,OnePlus 15R 128GB,74999,12.0,210.0,32.0,50.0,5000,6.7,Snapdragon 8 Gen 3,2023
230,OnePlus,OnePlus 14+ 128GB,69999,8.0,202.0,16.0,64.0,4800,6.55,Snapdragon 8 Gen 2,2023
231,OnePlus,OnePlus 13 Pro 256GB,74999,12.0,215.0,32.0,50.0,5000,6.7,Snapdragon 8 Gen 2,2023
232,OnePlus,OnePlus 12T 5G 256GB,74999,12.0,200.0,16.0,50.0,5000,6.7,Snapdragon 8 Gen 2,2023
233,OnePlus,OnePlus Pad,39999,8.0,550.0,8.0,13.0,9510,11.61,MediaTek Dimensity 9000,2023
234,OnePlus,OnePlus Pad 2,44999,8.0,550.0,8.0,13.0,9510,11.61,MediaTek Dimensity 9000,2024
235,OnePlus,OnePlus Pad Pro,69999,12.0,610.0,16.0,50.0,11000,12.4,Snapdragon 8 Gen 3,2024
236,Vivo,X200 128GB,119999,12.0,223.0,32.0,50.0,6000,6.78,Dimensity 9400,2024
237,Vivo,X200 256GB,129999,12.0,223.0,32.0,50.0,6000,6.78,Dimensity 9400,2024
238,Vivo,X200 Pro 256GB,139999,16.0,223.0,32.0,200.0,6000,6.78,Dimensity 9400,2024
239,Vivo,X200 Pro 512GB,149999,16.0,223.0,32.0,200.0,6000,6.78,Dimensity 9400,2024
240,Vivo,X200 Pro Mini 256GB,109999,16.0,187.0,32.0,50.0,5700,6.31,Dimensity 9400,2024
241,Vivo,V40e 128GB,44999,8.0,179.0,44.0,64.0,4100,6.44,Snapdragon 778G,2024
242,Vivo,Y200 GT 128GB,39999,12.0,190.0,16.0,64.0,5000,6.58,Dimensity 1200,2024
243,Vivo,T3 5G 128GB,34999,8.0,180.0,16.0,50.0,5000,6.67,Snapdragon 870,2024
244,Vivo,Y100 5G 128GB,29999,8.0,181.0,16.0,64.0,4500,6.38,Dimensity 900,2024
245,Vivo,S18 Pro 256GB,59999,12.0,189.0,32.0,108.0,4700,6.56,Snapdragon 8 Gen 2,2024
246,Vivo,V30 Pro 128GB,49999,12.0,192.0,32.0,64.0,4500,6.44,Dimensity 1100,2024
247,Vivo,iQOO 12 256GB,64999,16.0,210.0,16.0,50.0,5000,6.78,Snapdragon 8 Gen 3,2024
248,Vivo,Z3 64GB,22999,6.0,162.0,12.0,16.0,3315,6.3,Snapdragon 710,2018
249,Vivo,V9 64GB,19999,4.0,150.0,24.0,16.0,3260,6.3,Snapdragon 626,2018
250,Vivo,X9 Plus 128GB,24999,6.0,199.0,20.0,16.0,4000,5.88,Snapdragon 653,2017
251,Vivo,Y81 32GB,12999,3.0,146.0,5.0,13.0,3260,6.22,MediaTek Helio P22,2018
252,Vivo,X5Max 16GB,16999,2.0,146.0,5.0,13.0,2300,5.5,Snapdragon 615,2014
253,Vivo,V5 Plus 64GB,22999,4.0,158.0,20.0,16.0,3055,5.5,Snapdragon 625,2017
254,Vivo,Y95 64GB,16999,4.0,163.0,20.0,13.0,4030,6.22,Snapdragon 439,2018
255,Vivo,V3 Max 32GB,13999,4.0,168.0,8.0,13.0,3000,5.5,Snapdragon 652,2016
256,Vivo,X3S 16GB,10999,1.0,153.0,5.0,13.0,2000,5.0,MediaTek MT6592,2014
257,Vivo,Y66 32GB,14999,3.0,155.0,16.0,13.0,3000,5.5,Snapdragon 430,2017
258,Vivo,V19 128GB,27990,8.0,176.0,32.0,48.0,4500,6.44,Qualcomm Snapdragon 712,2020
259,Vivo,V19 256GB,31990,8.0,176.0,32.0,48.0,4500,6.44,Qualcomm Snapdragon 712,2020
260,Vivo,V17 Pro 128GB,27990,8.0,201.0,32.0,48.0,4100,6.44,Qualcomm Snapdragon 675,2019
261,Vivo,V17 Pro 256GB,33990,8.0,201.0,32.0,48.0,4100,6.44,Qualcomm Snapdragon 675,2019
262,Vivo,Y12s 64GB,10990,3.0,191.0,8.0,13.0,5000,6.51,MediaTek Helio P35,2020
263,Vivo,Y12s 128GB,13990,4.0,191.0,8.0,13.0,5000,6.51,MediaTek Helio P35,2020
264,Vivo,S1 Pro 128GB,19990,6.0,185.0,32.0,48.0,4500,6.38,MediaTek Helio P65,2019
265,Vivo,S1 Pro 256GB,24990,6.0,185.0,32.0,48.0,4500,6.38,MediaTek Helio P65,2019
266,Vivo,Y11 32GB,10999,3.0,190.0,8.0,13.0,5000,6.35,Qualcomm Snapdragon 439,2019
267,Vivo,Y11 64GB,13490,3.0,190.0,8.0,13.0,5000,6.35,Qualcomm Snapdragon 439,2019
268,Vivo,V15 128GB,22990,6.0,190.0,32.0,48.0,4000,6.53,MediaTek Helio P70,2019
269,Vivo,V15 256GB,26990,6.0,190.0,32.0,48.0,4000,6.53,MediaTek Helio P70,2019
270,Vivo,X27 Pro 128GB,35990,8.0,190.0,32.0,48.0,4000,6.39,Qualcomm Snapdragon 710,2019
271,Vivo,X27 Pro 256GB,39990,8.0,190.0,32.0,48.0,4000,6.39,Qualcomm Snapdragon 710,2019
272,Vivo,Y30 128GB,14990,4.0,193.0,8.0,13.0,5000,6.47,MediaTek Helio P35,2020
273,Vivo,Y30 64GB,11990,3.0,193.0,8.0,13.0,5000,6.47,MediaTek Helio P35,2020
274,Vivo,Z1 Pro 64GB,18990,4.0,159.0,16.0,16.0,4500,6.53,Qualcomm Snapdragon 712,2019
275,Vivo,Z1 Pro 128GB,22990,6.0,159.0,16.0,16.0,4500,6.53,Qualcomm Snapdragon 712,2019
276,Vivo,X21 128GB,24990,6.0,156.0,12.0,12.0,3200,6.28,Qualcomm Snapdragon 660,2018
277,Vivo,X21 64GB,21990,4.0,156.0,12.0,12.0,3200,6.28,Qualcomm Snapdragon 660,2018
278,Vivo,V23e 128GB,20999,8.0,172.0,50.0,64.0,4050,6.44,MediaTek Helio G96,2021
279,Vivo,V23e 256GB,24999,8.0,172.0,50.0,64.0,4050,6.44,MediaTek Helio G96,2021
280,Vivo,Y33s 128GB,17999,8.0,182.0,16.0,50.0,5000,6.58,MediaTek Helio G80,2021
281,Vivo,Y33s 64GB,14999,4.0,182.0,16.0,50.0,5000,6.58,MediaTek Helio G80,2021
282,Vivo,X60 Pro 256GB,44999,12.0,190.0,32.0,48.0,4200,6.56,Qualcomm Snapdragon 870,2021
283,Vivo,X60 Pro 512GB,49999,12.0,190.0,32.0,48.0,4200,6.56,Qualcomm Snapdragon 870,2021
284,Vivo,V20 Pro 128GB,25999,8.0,173.0,44.0,64.0,4000,6.44,Qualcomm Snapdragon 765G,2020
285,Vivo,V20 Pro 256GB,29999,8.0,173.0,44.0,64.0,4000,6.44,Qualcomm Snapdragon 765G,2020
286,Vivo,Y75 5G 128GB,21999,8.0,179.0,16.0,50.0,5000,6.58,MediaTek Dimensity 700,2021
287,Vivo,Y75 5G 256GB,25999,8.0,179.0,16.0,50.0,5000,6.58,MediaTek Dimensity 700,2021
288,Vivo,Y53s 128GB,16999,6.0,190.0,16.0,64.0,5000,6.58,MediaTek Helio G80,2021
289,Vivo,Y53s 64GB,13999,6.0,190.0,16.0,64.0,5000,6.58,MediaTek Helio G80,2021
290,Vivo,V15 Pro 128GB,25999,6.0,185.0,32.0,48.0,3700,6.39,Qualcomm Snapdragon 675,2019
291,Vivo,V15 Pro 256GB,29999,6.0,185.0,32.0,48.0,3700,6.39,Qualcomm Snapdragon 675,2019
292,Vivo,X70 Pro 128GB,39999,8.0,185.0,32.0,50.0,4450,6.56,MediaTek Dimensity 1200,2021
293,Vivo,X70 Pro 256GB,44999,8.0,185.0,32.0,50.0,4450,6.56,MediaTek Dimensity 1200,2021
294,Vivo,T1 5G 128GB,17999,6.0,181.0,16.0,50.0,5000,6.58,Qualcomm Snapdragon 695,2022
295,Vivo,T1 5G 256GB,21999,8.0,181.0,16.0,50.0,5000,6.58,Qualcomm Snapdragon 695,2022
296,Vivo,X30 Pro 128GB,47999,8.0,199.0,32.0,64.0,4200,6.44,Qualcomm Snapdragon 855,2019
297,Vivo,X30 Pro 256GB,54999,8.0,199.0,32.0,64.0,4200,6.44,Qualcomm Snapdragon 855,2019
298,Vivo,V27 128GB,29999,8.0,182.0,50.0,50.0,4600,6.78,MediaTek Dimensity 8200,2023
299,Vivo,V27 256GB,32999,8.0,182.0,50.0,50.0,4600,6.78,MediaTek Dimensity 8200,2023
300,Vivo,V27 Pro 128GB,34999,8.0,182.0,50.0,50.0,4600,6.78,MediaTek Dimensity 8200,2023
301,Vivo,V27 Pro 256GB,37999,8.0,182.0,50.0,50.0,4600,6.78,MediaTek Dimensity 8200,2023
302,Vivo,V25 Pro 128GB,25999,8.0,190.0,32.0,64.0,4830,6.56,MediaTek Dimensity 1300,2022
303,Vivo,V25 Pro 256GB,29999,8.0,190.0,32.0,64.0,4830,6.56,MediaTek Dimensity 1300,2022
304,Vivo,X90 Pro 256GB,69999,12.0,221.0,32.0,50.0,4870,6.78,MediaTek Dimensity 9200,2022
305,Vivo,X90 Pro 512GB,79999,12.0,221.0,32.0,50.0,4870,6.78,MediaTek Dimensity 9200,2022
306,Vivo,Y100 128GB,19999,8.0,190.0,16.0,64.0,4500,6.44,MediaTek Dimensity 900,2023
307,Vivo,Y100 256GB,22999,8.0,190.0,16.0,64.0,4500,6.44,MediaTek Dimensity 900,2023
308,Vivo,T2 Series 128GB,15999,8.0,190.0,16.0,64.0,4500,6.44,Qualcomm Snapdragon 695,2023
309,Vivo,T2 Series 256GB,18999,8.0,190.0,16.0,64.0,4500,6.44,Qualcomm Snapdragon 695,2023
310,Vivo,V23 5G 128GB,27999,8.0,179.0,50.0,64.0,4200,6.44,MediaTek Dimensity 920,2022
311,Vivo,V23 5G 256GB,32999,8.0,179.0,50.0,64.0,4200,6.44,MediaTek Dimensity 920,2022
312,Vivo,X80 256GB,59999,12.0,206.0,32.0,50.0,4700,6.78,MediaTek Dimensity 9000,2022
313,Vivo,X80 512GB,69999,12.0,206.0,32.0,50.0,4700,6.78,MediaTek Dimensity 9000,2022
314,Vivo,Y21 128GB,12999,4.0,182.0,8.0,13.0,5000,6.51,MediaTek Helio P35,2021
315,Vivo,Y21 64GB,9999,4.0,182.0,8.0,13.0,5000,6.51,MediaTek Helio P35,2021
316,Vivo,Pad 128GB,34999,6.0,498.0,8.0,13.0,8040,11.0,Snapdragon 870,2022
317,Vivo,Pad 2 256GB,39999,8.0,535.0,8.0,50.0,8040,11.0,MediaTek Dimensity 1200,2023
318,Vivo,Pad Air 128GB,31999,6.0,510.0,8.0,13.0,8040,10.4,Snapdragon 870,2023
319,Vivo,Pad 3 128GB,34999,6.0,500.0,8.0,13.0,8040,11.0,Snapdragon 750G,2023
320,Vivo,Pad 3 Pro 256GB,45999,8.0,550.0,8.0,50.0,8040,12.3,Snapdragon 888,2023
321,Vivo,Pad 4 Pro 256GB,49999,8.0,560.0,8.0,50.0,8040,12.9,MediaTek Dimensity 9000,2024
322,iQOO,Pad 128GB,37999,6.0,520.0,8.0,13.0,8040,11.0,Snapdragon 870,2023
323,iQOO,Pad 2 256GB,43999,8.0,540.0,8.0,50.0,8040,12.3,Snapdragon 888,2024
324,iQOO,Pad 2 Pro 256GB,49999,8.0,555.0,8.0,50.0,8040,12.3,Snapdragon 8 Gen 1,2024
325,Oppo,Find N3 512GB,159999,12.0,239.0,32.0,64.0,4805,7.82,Snapdragon 8 Gen 2,2023
326,Oppo,Find N3 Flip 256GB,109999,12.0,198.0,32.0,50.0,4300,6.8,MediaTek Dimensity 9200,2023
327,Oppo,Find X8 Pro 256GB,139999,12.0,210.0,32.0,50.0,5000,6.8,Snapdragon 8 Gen 2,2024
328,Oppo,Find X8 256GB,119999,8.0,195.0,32.0,50.0,4800,6.7,Snapdragon 8 Gen 2,2024
329,Oppo,Reno13 F 4G 256GB,44999,8.0,192.0,32.0,50.0,5800,6.67,MediaTek Helio G100,2025
330,Oppo,Reno13 F 256GB,44999,8.0,192.0,32.0,50.0,5800,6.67,MediaTek Helio G100,2025
331,Oppo,Reno13 Pro 512GB,69999,12.0,210.0,50.0,50.0,5800,6.83,MediaTek Dimensity 8350,2025
332,Oppo,Reno13 256GB,54999,12.0,200.0,50.0,50.0,5600,6.59,MediaTek Dimensity 8350,2025
333,Oppo,Reno12 F 4G 256GB,39999,8.0,187.0,32.0,50.0,5000,6.7,Snapdragon 685,2024
334,Oppo,Reno12 F 256GB,39999,8.0,187.0,32.0,50.0,5000,6.7,Snapdragon 685,2024
335,Oppo,Reno12 Pro 512GB,64999,12.0,190.0,32.0,50.0,4600,6.74,MediaTek Dimensity 8200,2024
336,Oppo,Reno12 256GB,49999,8.0,185.0,32.0,50.0,5000,6.7,MediaTek Dimensity 7050,2024
337,Oppo,Reno11 F 256GB,44999,8.0,185.0,32.0,64.0,5000,6.7,MediaTek Dimensity 7050,2024
338,Oppo,Reno11 Pro 512GB,59999,12.0,190.0,32.0,50.0,4600,6.74,MediaTek Dimensity 8200,2024
339,Oppo,A5 Pro 256GB,49999,8.0,180.0,16.0,50.0,6000,6.7,Dimensity 7300,2024
340,Oppo,A5 Pro 512GB,54999,12.0,186.0,16.0,50.0,6000,6.7,Dimensity 7300,2024
341,Oppo,A80 256GB,44999,8.0,186.0,8.0,50.0,5100,6.67,Dimensity 6300,2024
342,Oppo,A3 4G 128GB,34999,4.0,186.0,5.0,50.0,5000,6.7,Snapdragon 6s 4G Gen 1,2024
343,Oppo,A3x 4G 128GB,36999,4.0,186.0,8.0,8.0,5100,6.67,Snapdragon 6s 4G Gen 1,2024
344,Oppo,A3x 4G 256GB,39999,6.0,186.0,8.0,8.0,5100,6.67,Snapdragon 6s 4G Gen 1,2024
345,Oppo,A3 128GB,34999,4.0,186.0,5.0,50.0,5000,6.7,Snapdragon 6s 4G Gen 1,2024
346,Oppo,A3x 128GB,36999,4.0,186.0,8.0,8.0,5100,6.67,Snapdragon 6s 4G Gen 1,2024
347,Oppo,A3x 256GB,39999,6.0,186.0,8.0,8.0,5100,6.67,Snapdragon 6s 4G Gen 1,2024
348,Oppo,A3 128GB,34999,4.0,186.0,5.0,50.0,5000,6.7,Snapdragon 6s 4G Gen 1,2024
349,Oppo,A60 128GB,39999,8.0,186.0,8.0,50.0,5000,6.67,Snapdragon 680 4G,2024
350,Oppo,A60 256GB,42999,8.0,186.0,8.0,50.0,5000,6.67,Snapdragon 680 4G,2024
351,Oppo,K12 Plus 256GB,59999,8.0,192.0,16.0,50.0,6400,6.7,Snapdragon 7 Gen 3,2024
352,Oppo,K12 Plus 512GB,64999,12.0,192.0,16.0,50.0,6400,6.7,Snapdragon 7 Gen 3,2024
353,Oppo,F27 128GB,44999,8.0,175.0,32.0,64.0,5000,6.7,Dimensity 7050,2024
354,Oppo,F27 256GB,47999,8.0,175.0,32.0,64.0,5000,6.7,Dimensity 7050,2024
355,Oppo,F27 Pro+ 256GB,49999,8.0,177.0,32.0,64.0,5000,6.7,Dimensity 7050,2024
356,Oppo,F27 Pro+ 512GB,54999,12.0,177.0,32.0,64.0,5000,6.7,Dimensity 7050,2024
357,Oppo,F25 Pro 128GB,42999,8.0,173.0,32.0,64.0,4500,6.55,Snapdragon 778G,2023
358,Oppo,F25 Pro 256GB,44999,8.0,173.0,32.0,64.0,4500,6.55,Snapdragon 778G,2023
359,Oppo,Pad 3 128GB,54999,8.0,533.0,8.0,13.0,9510,11.6,Dimensity 8350,2024
360,Oppo,Pad 3 256GB,59999,12.0,533.0,8.0,13.0,9510,11.6,Dimensity 8350,2024
361,Oppo,Pad 3 Pro 256GB,64999,12.0,586.0,8.0,13.0,9510,12.1,Snapdragon 8 Gen 3,2024
362,Oppo,Pad 3 Pro 512GB,69999,16.0,586.0,8.0,13.0,9510,12.1,Snapdragon 8 Gen 3,2024
363,Oppo,Pad Neo 128GB,44999,6.0,520.0,8.0,13.0,8360,11.0,Snapdragon 870,2023
364,Oppo,Pad Neo 256GB,49999,8.0,520.0,8.0,13.0,8360,11.0,Snapdragon 870,2023
365,Oppo,Find X7 Ultra 256GB,109999,12.0,221.0,32.0,50.0,5000,6.82,Snapdragon 8 Gen 3,2024
366,Oppo,Find X7 Ultra 512GB,119999,16.0,221.0,32.0,50.0,5000,6.82,Snapdragon 8 Gen 3,2024
367,Oppo,Find X7 256GB,99999,12.0,206.0,32.0,64.0,5000,6.78,Dimensity 9300,2024
368,Oppo,Find X7 512GB,109999,16.0,206.0,32.0,64.0,5000,6.78,Dimensity 9300,2024
369,Oppo,Find X6 Pro 256GB,94999,12.0,218.0,32.0,50.0,5000,6.82,Snapdragon 8 Gen 2,2023
370,Oppo,Find X6 Pro 512GB,104999,16.0,218.0,32.0,50.0,5000,6.82,Snapdragon 8 Gen 2,2023
371,Oppo,Find X6 256GB,84999,12.0,207.0,32.0,50.0,4800,6.74,Dimensity 9200,2023
372,Oppo,Find X6 512GB,94999,16.0,207.0,32.0,50.0,4800,6.74,Dimensity 9200,2023
373,Oppo,Find X5 Pro 256GB,89999,12.0,218.0,32.0,50.0,5000,6.7,Snapdragon 8 Gen 1,2022
374,Oppo,Find X5 Pro 512GB,99999,16.0,218.0,32.0,50.0,5000,6.7,Snapdragon 8 Gen 1,2022
375,Oppo,Find X5 256GB,79999,8.0,196.0,32.0,50.0,4800,6.55,Snapdragon 888,2022
376,Oppo,Find N2 Flip 256GB,84999,8.0,191.0,32.0,50.0,4300,6.8,Dimensity 9000+,2023
377,Oppo,Find N2 Flip 512GB,94999,12.0,191.0,32.0,50.0,4300,6.8,Dimensity 9000+,2023
378,Oppo,Find N2 256GB,99999,12.0,233.0,32.0,50.0,4520,7.1,Snapdragon 8+ Gen 1,2022
379,Oppo,Reno10 5G 128GB,38999,8.0,180.0,32.0,64.0,5000,6.7,Dimensity 7050,2023
380,Oppo,Reno10 5G 256GB,42999,8.0,180.0,32.0,64.0,5000,6.7,Dimensity 7050,2023
381,Oppo,Reno10 Pro 5G 256GB,44999,12.0,186.0,32.0,50.0,4600,6.7,Snapdragon 778G,2023
382,Oppo,Reno10 Pro+ 5G 256GB,54999,16.0,194.0,32.0,64.0,4700,6.74,Snapdragon 8+ Gen 1,2023
383,Oppo,Reno9 5G 128GB,32999,8.0,174.0,32.0,64.0,4500,6.7,Snapdragon 778G,2022
384,Oppo,Reno9 5G 256GB,36999,12.0,174.0,32.0,64.0,4500,6.7,Snapdragon 778G,2022
385,Oppo,Reno9 Pro 5G 256GB,42999,16.0,184.0,32.0,50.0,4500,6.7,Dimensity 8100,2022
386,Oppo,Reno9 Pro+ 5G 256GB,52999,16.0,192.0,32.0,50.0,4700,6.7,Snapdragon 8+ Gen 1,2022
387,Oppo,Reno8 5G 128GB,29999,8.0,179.0,32.0,50.0,4500,6.4,Dimensity 1300,2022
388,Oppo,Reno8 5G 256GB,34999,12.0,179.0,32.0,50.0,4500,6.4,Dimensity 1300,2022
389,Oppo,Reno8 Pro 5G 256GB,42999,12.0,183.0,32.0,50.0,4500,6.7,Dimensity 8100,2022
390,Oppo,Reno8 Pro+ 5G 256GB,46999,12.0,195.0,32.0,50.0,4500,6.7,Dimensity 8100,2022
391,Oppo,Reno7 5G 128GB,28999,8.0,173.0,32.0,64.0,4500,6.4,Dimensity 900,2021
392,Oppo,Reno7 5G 256GB,32999,12.0,173.0,32.0,64.0,4500,6.4,Dimensity 900,2021
393,Oppo,Reno7 Pro 5G 256GB,39999,12.0,180.0,32.0,50.0,4500,6.55,Dimensity 1200,2021
394,Oppo,Reno6 5G 128GB,29999,8.0,182.0,32.0,64.0,4300,6.43,Dimensity 900,2021
395,Oppo,Reno6 5G 256GB,32999,12.0,182.0,32.0,64.0,4300,6.43,Dimensity 900,2021
396,Oppo,Reno6 Pro 5G 128GB,39999,8.0,177.0,32.0,64.0,4500,6.55,Dimensity 1200,2021
397,Oppo,Reno6 Pro 5G 256GB,44999,12.0,177.0,32.0,64.0,4500,6.55,Dimensity 1200,2021
398,Oppo,Reno6 Pro+ 5G 256GB,49999,12.0,188.0,32.0,50.0,4500,6.55,Snapdragon 870,2021
399,Oppo,Reno5 5G 128GB,26999,8.0,180.0,32.0,64.0,4300,6.43,Snapdragon 765G,2020
400,Oppo,Reno5 5G 256GB,29999,12.0,180.0,32.0,64.0,4300,6.43,Snapdragon 765G,2020
401,Oppo,Reno5 Pro 5G 128GB,32999,8.0,173.0,32.0,64.0,4350,6.55,Dimensity 1000+,2020
402,Oppo,Reno5 Pro 5G 256GB,36999,12.0,173.0,32.0,64.0,4350,6.55,Dimensity 1000+,2020
403,Oppo,Reno5 Pro+ 5G 256GB,44999,12.0,184.0,32.0,50.0,4500,6.55,Snapdragon 865,2020
404,Oppo,Reno4 5G 128GB,24999,8.0,183.0,32.0,48.0,4000,6.43,Snapdragon 765G,2020
405,Oppo,Reno4 5G 256GB,26999,8.0,183.0,32.0,48.0,4000,6.43,Snapdragon 765G,2020
406,Oppo,Reno4 Pro 5G 256GB,39999,12.0,172.0,32.0,48.0,4000,6.55,Snapdragon 765G,2020
407,Oppo,Reno3 5G 128GB,22999,8.0,181.0,32.0,64.0,4025,6.4,Dimensity 1000L,2019
408,Oppo,Reno3 5G 256GB,26999,12.0,181.0,32.0,64.0,4025,6.4,Dimensity 1000L,2019
409,Oppo,Reno3 Pro 5G 256GB,34999,12.0,171.0,32.0,48.0,4025,6.5,Snapdragon 765G,2019
410,Oppo,A59 5G 128GB,14999,6.0,186.0,8.0,13.0,5000,6.56,MediaTek Dimensity 6020,2023
411,Oppo,A59 5G 256GB,16999,8.0,186.0,8.0,13.0,5000,6.56,MediaTek Dimensity 6020,2023
412,Oppo,A58 5G 256GB,19000,8.0,188.0,8.0,50.0,5000,6.56,MediaTek Dimensity 700,2022
413,Oppo,A57 5G 128GB,15999,6.0,186.0,8.0,13.0,5000,6.56,MediaTek Dimensity 810,2022
414,Oppo,A56 5G 128GB,14999,6.0,189.0,8.0,13.0,5000,6.5,MediaTek Dimensity 700,2021
415,Oppo,A55 5G 128GB,13999,6.0,186.0,8.0,13.0,5000,6.5,MediaTek Dimensity 700,2021
416,Oppo,A54 5G 128GB,15999,6.0,190.0,16.0,48.0,5000,6.5,Qualcomm Snapdragon 480,2021
417,Oppo,A53 5G 128GB,12999,4.0,175.0,8.0,16.0,4040,6.5,MediaTek Dimensity 720,2020
418,Oppo,A52 5G 128GB,11999,4.0,184.0,8.0,12.0,4000,6.5,MediaTek Dimensity 720,2020
419,Oppo,A51 5G 128GB,10999,4.0,186.0,8.0,13.0,4000,6.5,MediaTek Dimensity 700,2020
420,Oppo,A50 5G 128GB,9999,4.0,185.0,8.0,13.0,4000,6.5,MediaTek Dimensity 700,2020
421,Oppo,A49 5G 128GB,8999,4.0,185.0,8.0,13.0,4000,6.5,MediaTek Dimensity 700,2020
422,Oppo,A40 128GB,19999,4.0,186.0,5.0,50.0,5100,6.67,Qualcomm Snapdragon 6s Gen 1,2024
423,Oppo,A40 256GB,22999,6.0,186.0,5.0,50.0,5100,6.67,Qualcomm Snapdragon 6s Gen 1,2024
424,Oppo,K11x 128GB,18000,8.0,195.0,16.0,108.0,5000,6.72,Qualcomm Snapdragon 695,2023
425,Oppo,K11x 256GB,20000,12.0,195.0,16.0,108.0,5000,6.72,Qualcomm Snapdragon 695,2023
426,Oppo,K10x 128GB,16990,6.0,195.0,16.0,64.0,5000,6.59,Qualcomm Snapdragon 695,2022
427,Oppo,K10x 256GB,18990,8.0,195.0,16.0,64.0,5000,6.59,Qualcomm Snapdragon 695,2022
428,Oppo,K10 5G 128GB,19999,8.0,205.0,16.0,64.0,5000,6.59,MediaTek Dimensity 8000-Max,2022
429,Oppo,K9x 128GB,15999,6.0,194.0,16.0,64.0,5000,6.5,MediaTek Dimensity 810,2021
430,Oppo,K9x 256GB,17999,8.0,194.0,16.0,64.0,5000,6.5,MediaTek Dimensity 810,2021
431,Oppo,K9 Pro 5G 128GB,24999,8.0,180.0,16.0,64.0,4500,6.43,MediaTek Dimensity 1200,2021
432,Oppo,K9 Pro 5G 256GB,27999,12.0,180.0,16.0,64.0,4500,6.43,MediaTek Dimensity 1200,2021
433,Oppo,K9 5G 128GB,22999,8.0,172.0,32.0,64.0,4300,6.43,Qualcomm Snapdragon 768G,2021
434,Oppo,K9 5G 256GB,24999,8.0,172.0,32.0,64.0,4300,6.43,Qualcomm Snapdragon 768G,2021
435,Oppo,K7x 128GB,14999,6.0,194.0,16.0,48.0,5000,6.5,MediaTek Dimensity 720,2020
436,Oppo,K7 5G 128GB,19999,8.0,180.0,32.0,48.0,4025,6.4,Qualcomm Snapdragon 765G,2020
437,Oppo,K7 5G 256GB,21999,8.0,180.0,32.0,48.0,4025,6.4,Qualcomm Snapdragon 765G,2020
438,Oppo,K11x 128GB,18000,8.0,195.0,16.0,108.0,5000,6.72,Qualcomm Snapdragon 695,2023
439,Oppo,K11x 256GB,20000,12.0,195.0,16.0,108.0,5000,6.72,Qualcomm Snapdragon 695,2023
440,Oppo,K11 128GB,21999,8.0,184.0,16.0,64.0,5000,6.7,Qualcomm Snapdragon 782G,2023
441,Oppo,K11 256GB,24999,12.0,184.0,16.0,64.0,5000,6.7,Qualcomm Snapdragon 782G,2023
442,Oppo,K10x 128GB,16990,6.0,195.0,16.0,64.0,5000,6.59,Qualcomm Snapdragon 695,2022
443,Oppo,K10x 256GB,18990,8.0,195.0,16.0,64.0,5000,6.59,Qualcomm Snapdragon 695,2022
444,Oppo,K10 5G 128GB,19999,8.0,205.0,16.0,64.0,5000,6.59,MediaTek Dimensity 8000-Max,2022
445,Oppo,K10 5G 256GB,22999,12.0,205.0,16.0,64.0,5000,6.59,MediaTek Dimensity 8000-Max,2022
446,Oppo,K9x 128GB,15999,6.0,194.0,16.0,64.0,5000,6.5,MediaTek Dimensity 810,2021
447,Oppo,K9x 256GB,17999,8.0,194.0,16.0,64.0,5000,6.5,MediaTek Dimensity 810,2021
448,Oppo,K9 Pro 5G 128GB,24999,8.0,180.0,16.0,64.0,4500,6.43,MediaTek Dimensity 1200,2021
449,Oppo,K9 Pro 5G 256GB,27999,12.0,180.0,16.0,64.0,4500,6.43,MediaTek Dimensity 1200,2021
450,Oppo,K9 5G 128GB,22999,8.0,172.0,32.0,64.0,4300,6.43,Qualcomm Snapdragon 768G,2021
451,Oppo,K9 5G 256GB,24999,8.0,172.0,32.0,64.0,4300,6.43,Qualcomm Snapdragon 768G,2021
452,Oppo,K7x 128GB,14999,6.0,194.0,16.0,48.0,5000,6.5,MediaTek Dimensity 720,2020
453,Oppo,K7 5G 128GB,19999,8.0,180.0,32.0,48.0,4025,6.4,Qualcomm Snapdragon 765G,2020
454,Realme,GT 7 Pro 128GB,59999,12.0,222.8,16.0,50.0,6500,6.78,Qualcomm Snapdragon 8 Elite,2024
455,Realme,GT 7 Pro 256GB,65999,16.0,222.8,16.0,50.0,6500,6.78,Qualcomm Snapdragon 8 Elite,2024
456,Realme,GT 6 128GB,37999,8.0,191.0,32.0,50.0,5500,6.78,Qualcomm Snapdragon 8s Gen 3,2023
457,Realme,GT 6 256GB,39999,12.0,191.0,32.0,50.0,5500,6.78,Qualcomm Snapdragon 8s Gen 3,2023
458,Realme,GT 6 512GB,41999,16.0,191.0,32.0,50.0,5500,6.78,Qualcomm Snapdragon 8s Gen 3,2023
459,Realme,GT 6T 128GB,28756,8.0,191.0,32.0,50.0,5500,6.78,Qualcomm Snapdragon 7 Plus Gen 3,2023
460,Realme,GT 6T 256GB,30999,8.0,191.0,32.0,50.0,5500,6.78,Qualcomm Snapdragon 7 Plus Gen 3,2023
461,Realme,14 Pro+ 5G 256GB,34999,12.0,184.0,16.0,50.0,6000,6.83,Qualcomm Snapdragon 7s Gen 3,2025
462,Realme,14 Pro+ 5G 512GB,36999,12.0,184.0,16.0,50.0,6000,6.83,Qualcomm Snapdragon 7s Gen 3,2025
463,Realme,14 Pro 5G 128GB,29999,8.0,184.0,16.0,50.0,5800,6.7,MediaTek Dimensity 7300 Energy,2025
464,Realme,14 Pro 5G 256GB,31999,8.0,184.0,16.0,50.0,5800,6.7,MediaTek Dimensity 7300 Energy,2025
465,Realme,14x 5G 128GB,24999,6.0,190.0,16.0,48.0,5500,6.6,Qualcomm Snapdragon 7s Gen 2,2025
466,Realme,14x 5G 256GB,26999,8.0,190.0,16.0,48.0,5500,6.6,Qualcomm Snapdragon 7s Gen 2,2025
467,Realme,13+ 5G 128GB,22999,8.0,185.0,16.0,50.0,5000,6.5,MediaTek Dimensity 7200,2024
468,Realme,13+ 5G 256GB,24999,8.0,185.0,16.0,50.0,5000,6.5,MediaTek Dimensity 7200,2024
469,Realme,13 5G 128GB,18999,6.0,190.0,16.0,50.0,5000,6.6,MediaTek Dimensity 6100+,2024
470,Realme,13 5G 256GB,20999,8.0,190.0,16.0,50.0,5000,6.6,MediaTek Dimensity 6100+,2024
471,Realme,13 Pro 5G 128GB,27999,8.0,192.0,16.0,50.0,5200,6.7,Qualcomm Snapdragon 7s Gen 2,2024
472,Realme,13 Pro 5G 256GB,29999,12.0,192.0,16.0,50.0,5200,6.7,Qualcomm Snapdragon 7s Gen 2,2024
473,Realme,13 Pro+ 5G 256GB,34999,12.0,195.0,32.0,50.0,5500,6.78,Qualcomm Snapdragon 7+ Gen 2,2024
474,Realme,13 Pro+ 5G 512GB,36999,16.0,195.0,32.0,50.0,5500,6.78,Qualcomm Snapdragon 7+ Gen 2,2024
475,Realme,P1 Speed 5G 128GB,19999,8.0,185.0,16.0,64.0,5100,6.7,MediaTek Dimensity 8100,2024
476,Realme,P1 Speed 5G 256GB,21999,12.0,185.0,16.0,64.0,5100,6.7,MediaTek Dimensity 8100,2024
477,Realme,P2 Pro 5G 256GB,32999,12.0,188.0,32.0,50.0,5500,6.78,Qualcomm Snapdragon 7+ Gen 3,2024
478,Realme,P2 Pro 5G 512GB,34999,16.0,188.0,32.0,50.0,5500,6.78,Qualcomm Snapdragon 7+ Gen 3,2024
479,Realme,P1 5G 128GB,16999,6.0,184.0,16.0,50.0,5000,6.6,MediaTek Dimensity 6100+,2024
480,Realme,P1 5G 256GB,18999,8.0,184.0,16.0,50.0,5000,6.6,MediaTek Dimensity 6100+,2024
481,Realme,P1 Pro 5G 128GB,22999,8.0,190.0,16.0,64.0,5200,6.7,Qualcomm Snapdragon 7s Gen 1,2024
482,Realme,P1 Pro 5G 256GB,24999,12.0,190.0,16.0,64.0,5200,6.7,Qualcomm Snapdragon 7s Gen 1,2024
483,Realme,Narzo 70 Turbo 5G 128GB,19999,8.0,200.0,16.0,50.0,5000,6.6,MediaTek Dimensity 810,2024
484,Realme,Narzo 70 Turbo 5G 256GB,21999,8.0,200.0,16.0,50.0,5000,6.6,MediaTek Dimensity 810,2024
485,Realme,Narzo N61 128GB,14999,6.0,195.0,16.0,50.0,5000,6.5,MediaTek Helio G99,2024
486,Realme,Narzo N63 128GB,13999,6.0,193.0,16.0,50.0,5000,6.5,MediaTek Helio G88,2024
487,Realme,Narzo N65 5G 128GB,17999,8.0,198.0,16.0,50.0,5000,6.6,MediaTek Dimensity 700,2024
488,Realme,Narzo 70 5G 128GB,19499,8.0,198.0,16.0,50.0,5200,6.6,MediaTek Dimensity 810,2024
489,Realme,C75 128GB,13999,6.0,190.0,8.0,50.0,5000,6.6,MediaTek Helio G85,2024
490,Realme,C75 256GB,15999,8.0,190.0,8.0,50.0,5000,6.6,MediaTek Helio G85,2024
491,Realme,C61 128GB,11999,4.0,189.0,8.0,50.0,5000,6.5,Unisoc T612,2024
492,Realme,C67 128GB,14999,6.0,195.0,8.0,50.0,5000,6.6,MediaTek Helio G88,2024
493,Realme,C67 256GB,16999,8.0,195.0,8.0,50.0,5000,6.6,MediaTek Helio G88,2024
494,Realme,C65 128GB,13999,6.0,192.0,8.0,50.0,5000,6.6,Qualcomm Snapdragon 680,2024
495,Realme,C65 256GB,15999,8.0,192.0,8.0,50.0,5000,6.6,Qualcomm Snapdragon 680,2024
496,Realme,C63 128GB,13499,6.0,191.0,8.0,50.0,5000,6.6,MediaTek Helio G85,2024
497,Realme,C55 128GB,14999,6.0,189.0,8.0,64.0,5000,6.72,MediaTek Helio G88,2023
498,Realme,C55 256GB,16999,8.0,189.0,8.0,64.0,5000,6.72,MediaTek Helio G88,2023
499,Realme,Note 60x 128GB,17999,6.0,198.0,16.0,50.0,5200,6.6,MediaTek Dimensity 6100+,2024
500,Realme,Note 60 128GB,18999,6.0,196.0,16.0,50.0,5200,6.6,MediaTek Dimensity 810,2024
501,Realme,Note 60 256GB,20999,8.0,196.0,16.0,50.0,5200,6.6,MediaTek Dimensity 810,2024
502,Realme,Note 50 128GB,15999,6.0,195.0,16.0,50.0,5000,6.5,MediaTek Helio G99,2024
503,Realme,GT 7 128GB,47999,8.0,199.0,16.0,50.0,5200,6.8,Qualcomm Snapdragon 8 Gen 2,2024
504,Realme,GT 7 256GB,53999,12.0,199.0,16.0,50.0,5200,6.8,Qualcomm Snapdragon 8 Gen 2,2024
505,Realme,Neo 7 128GB,30999,8.0,193.0,16.0,64.0,5000,6.7,MediaTek Dimensity 8200,2024
506,Realme,Neo 7 256GB,36999,12.0,193.0,16.0,64.0,5000,6.7,MediaTek Dimensity 8200,2024
507,Realme,P2 Pro 5G 128GB,32999,8.0,195.0,16.0,50.0,5100,6.7,MediaTek Dimensity 9200,2024
508,Realme,P2 Pro 5G 256GB,38999,12.0,195.0,16.0,50.0,5100,6.7,MediaTek Dimensity 9200,2024
509,Realme,Pad 64GB,19999,4.0,440.0,8.0,8.0,7100,10.4,MediaTek Helio G80,2021
510,Realme,Pad 128GB,22999,6.0,440.0,8.0,8.0,7100,10.4,MediaTek Helio G80,2021
511,Realme,Pad 2 128GB,27999,6.0,482.0,8.0,8.0,8360,11.5,MediaTek Helio G99,2023
512,Realme,Pad 2 256GB,31999,8.0,482.0,8.0,8.0,8360,11.5,MediaTek Helio G99,2023
513,Realme,Pad 2 Lite 64GB,18999,4.0,466.0,8.0,8.0,7100,10.4,MediaTek Helio G85,2023
514,Realme,Pad 2 Lite 128GB,20999,6.0,466.0,8.0,8.0,7100,10.4,MediaTek Helio G85,2023
515,Realme,Pad X 64GB,29999,4.0,499.0,8.0,13.0,8340,11.0,Qualcomm Snapdragon 695,2022
516,Realme,Pad X 128GB,33999,6.0,499.0,8.0,13.0,8340,11.0,Qualcomm Snapdragon 695,2022
517,Realme,Pad Mini 32GB,15999,3.0,372.0,5.0,8.0,6400,8.7,Unisoc T616,2022
518,Realme,Pad Mini 64GB,17999,4.0,372.0,5.0,8.0,6400,8.7,Unisoc T616,2022
519,Realme,Pad Slim 64GB,19499,4.0,440.0,8.0,8.0,7100,10.4,MediaTek Helio G80,2022
520,Realme,Pad Slim 128GB,21999,6.0,440.0,8.0,8.0,7100,10.4,MediaTek Helio G80,2022
521,Realme,TechLife Pad Neo 64GB,20999,4.0,465.0,8.0,8.0,7200,10.5,MediaTek Helio G85,2024
522,Realme,TechLife Pad Neo 128GB,22999,6.0,465.0,8.0,8.0,7200,10.5,MediaTek Helio G85,2024
523,Xiaomi,Xiaomi 15 Pro 256GB,89999,12.0,210.0,32.0,50.0,6100,6.73,Snapdragon 8 Elite,2024
524,Xiaomi,Xiaomi 15 Pro 512GB,99999,16.0,210.0,32.0,50.0,6100,6.73,Snapdragon 8 Elite,2024
525,Xiaomi,Xiaomi 15 Pro 1TB,109999,16.0,210.0,32.0,50.0,6100,6.73,Snapdragon 8 Elite,2024
526,Xiaomi,Xiaomi 15 256GB,79999,12.0,190.0,32.0,50.0,5400,6.36,Snapdragon 8 Elite,2024
527,Xiaomi,Xiaomi 15 512GB,89999,16.0,190.0,32.0,50.0,5400,6.36,Snapdragon 8 Elite,2024
528,Xiaomi,Xiaomi 14T Pro 256GB,74999,12.0,209.0,32.0,50.0,5000,6.67,Dimensity 9300+,2024
529,Xiaomi,Xiaomi 14T Pro 512GB,84999,12.0,209.0,32.0,50.0,5000,6.67,Dimensity 9300+,2024
530,Xiaomi,Xiaomi 14T Pro 1TB,94999,12.0,209.0,32.0,50.0,5000,6.67,Dimensity 9300+,2024
531,Xiaomi,Xiaomi 14T 256GB,69999,12.0,195.0,32.0,50.0,5000,6.67,Dimensity 8300-Ultra,2024
532,Xiaomi,Xiaomi 14T 512GB,79999,12.0,195.0,32.0,50.0,5000,6.67,Dimensity 8300-Ultra,2024
533,Xiaomi,Xiaomi 14 Pro 256GB,84999,12.0,206.0,32.0,50.0,5000,6.73,Snapdragon 8 Gen 3,2023
534,Xiaomi,Xiaomi 14 Pro 512GB,94999,12.0,206.0,32.0,50.0,5000,6.73,Snapdragon 8 Gen 3,2023
535,Xiaomi,Xiaomi 14 256GB,74999,12.0,189.0,32.0,50.0,4610,6.36,Snapdragon 8 Gen 3,2023
536,Xiaomi,Xiaomi 14 512GB,84999,12.0,189.0,32.0,50.0,4610,6.36,Snapdragon 8 Gen 3,2023
537,Xiaomi,Redmi Note 14 Pro+ 5G 128GB,29999,8.0,205.0,16.0,200.0,5110,6.67,Snapdragon 7s Gen 3,2024
538,Xiaomi,Redmi Note 14 Pro+ 5G 256GB,32999,12.0,205.0,16.0,200.0,5110,6.67,Snapdragon 7s Gen 3,2024
539,Xiaomi,Redmi Note 14 Pro+ 5G 512GB,35999,16.0,205.0,16.0,200.0,5110,6.67,Snapdragon 7s Gen 3,2024
540,Xiaomi,Redmi Note 14 Pro 5G 128GB,27999,8.0,195.0,16.0,108.0,5500,6.67,MediaTek Dimensity 7300-Ultra,2024
541,Xiaomi,Redmi Note 14 Pro 5G 256GB,30999,12.0,195.0,16.0,108.0,5500,6.67,MediaTek Dimensity 7300-Ultra,2024
542,Xiaomi,Redmi Note 14 Pro 4G 128GB,24999,6.0,190.0,16.0,108.0,5000,6.67,Qualcomm Snapdragon 732G,2024
543,Xiaomi,Redmi Note 14 Pro 4G 256GB,27999,8.0,190.0,16.0,108.0,5000,6.67,Qualcomm Snapdragon 732G,2024
544,Xiaomi,Redmi Note 14 5G 128GB,21999,6.0,185.0,16.0,50.0,5000,6.67,MediaTek Dimensity 7025-Ultra,2024
545,Xiaomi,Redmi Note 14 5G 256GB,24999,8.0,185.0,16.0,50.0,5000,6.67,MediaTek Dimensity 7025-Ultra,2024
546,Xiaomi,Redmi Note 14 4G 128GB,18999,4.0,180.0,16.0,50.0,5000,6.67,Qualcomm Snapdragon 680,2024
547,Xiaomi,Redmi Note 14 4G 256GB,21999,6.0,180.0,16.0,50.0,5000,6.67,Qualcomm Snapdragon 680,2024
548,Xiaomi,Redmi 14C 5G 64GB,14999,4.0,195.0,8.0,50.0,5000,6.5,MediaTek Dimensity 700,2024
549,Xiaomi,Redmi 14C 5G 128GB,16999,6.0,195.0,8.0,50.0,5000,6.5,MediaTek Dimensity 700,2024
550,Lenovo,Legion Y70 128GB,49999,8.0,209.0,16.0,50.0,5100,6.67,Snapdragon 8+ Gen 1,2022
551,Lenovo,Legion Y70 256GB,54999,12.0,209.0,16.0,50.0,5100,6.67,Snapdragon 8+ Gen 1,2022
552,Lenovo,Legion Y70 512GB,59999,16.0,209.0,16.0,50.0,5100,6.67,Snapdragon 8+ Gen 1,2022
553,Lenovo,K14 Plus 64GB,10999,4.0,198.0,8.0,48.0,5000,6.5,Unisoc T700,2022
554,Lenovo,K14 Plus 128GB,12999,6.0,198.0,8.0,48.0,5000,6.5,Unisoc T700,2022
555,Lenovo,K13 Pro 128GB,14999,6.0,200.0,16.0,64.0,5000,6.8,Snapdragon 662,2021
556,Lenovo,K13 32GB,7499,2.0,190.0,5.0,13.0,5000,6.52,Unisoc SC9863A,2021
557,Lenovo,K13 Note 64GB,11999,4.0,200.0,8.0,48.0,5000,6.5,Snapdragon 460,2021
558,Lenovo,K10 Plus 64GB,10999,4.0,172.0,16.0,13.0,4050,6.22,Snapdragon 632,2019
559,Lenovo,A6 Note 32GB,9999,3.0,172.0,5.0,13.0,4000,6.09,Helio P22,2019
560,Lenovo,K10 Note 64GB,13999,4.0,164.0,16.0,16.0,4050,6.3,Snapdragon 710,2019
561,Lenovo,K10 Note 128GB,15999,6.0,164.0,16.0,16.0,4050,6.3,Snapdragon 710,2019
562,Lenovo,Z6 Pro 128GB,39999,6.0,185.0,32.0,48.0,4000,6.39,Snapdragon 855,2019
563,Lenovo,Z6 Pro 256GB,44999,8.0,185.0,32.0,48.0,4000,6.39,Snapdragon 855,2019
564,Lenovo,Z5 Pro 64GB,21400,6.0,210.0,16.0,16.0,3350,6.39,Snapdragon 710,2018
565,Motorola,Edge 50 Fusion 128GB,29999,8.0,168.0,32.0,50.0,5000,6.7,Snapdragon 7 Gen 1,2024
566,Motorola,Edge 50 Fusion 256GB,34999,12.0,168.0,32.0,50.0,5000,6.7,Snapdragon 7 Gen 1,2024
567,Motorola,Edge 50 Pro 128GB,34999,8.0,186.0,50.0,50.0,4500,6.7,Snapdragon 7 Gen 3,2024
568,Motorola,Edge 50 Pro 256GB,39999,12.0,186.0,50.0,50.0,4500,6.7,Snapdragon 7 Gen 3,2024
569,Motorola,Razr 128GB,59999,8.0,192.0,32.0,50.0,3500,6.7,Snapdragon 8+ Gen 1,2023
570,Motorola,Razr 256GB,64999,12.0,192.0,32.0,50.0,3500,6.7,Snapdragon 8+ Gen 1,2023
571,Motorola,G84 5G 128GB,19999,8.0,166.0,16.0,50.0,5000,6.5,Snapdragon 695,2023
572,Motorola,G84 5G 256GB,22999,12.0,166.0,16.0,50.0,5000,6.5,Snapdragon 695,2023
573,Motorola,Moto G Stylus 64GB,21999,4.0,195.0,16.0,50.0,5000,6.8,MediaTek Helio G88,2023
574,Motorola,Moto G Stylus 128GB,24999,6.0,195.0,16.0,50.0,5000,6.8,MediaTek Helio G88,2023
575,Motorola,One Vision 3 128GB,19999,6.0,180.0,25.0,48.0,3500,6.3,Exynos 9609,2024
576,Motorola,One Vision 3 256GB,22999,8.0,180.0,25.0,48.0,3500,6.3,Exynos 9609,2024
577,Motorola,Edge 50 Lite 128GB,27999,6.0,170.0,32.0,64.0,5000,6.7,Snapdragon 695,2024
578,Motorola,Edge 50 Lite 256GB,29999,8.0,170.0,32.0,64.0,5000,6.7,Snapdragon 695,2024
579,Motorola,Moto E40 Plus 64GB,11999,4.0,198.0,8.0,48.0,5000,6.5,Unisoc T700,2023
580,Motorola,Moto E40 Plus 128GB,13999,6.0,198.0,8.0,48.0,5000,6.5,Unisoc T700,2023
581,Motorola,Moto G Power 64GB,17999,4.0,206.0,16.0,50.0,5000,6.6,Snapdragon 662,2022
582,Motorola,Moto G Power 128GB,19999,6.0,206.0,16.0,50.0,5000,6.6,Snapdragon 662,2022
583,Motorola,Moto G Play 32GB,9999,3.0,203.0,5.0,13.0,5000,6.5,MediaTek Helio G25,2022
584,Motorola,Moto G Play 64GB,11999,4.0,203.0,5.0,13.0,5000,6.5,MediaTek Helio G25,2022
585,Motorola,Moto G75 5G 128GB,34999,8.0,205.0,16.0,50.0,5000,6.78,Snapdragon 6 Gen 3,2024
586,Motorola,Moto G75 5G 256GB,39999,8.0,205.0,16.0,50.0,5000,6.78,Snapdragon 6 Gen 3,2024
587,Motorola,Moto S50 128GB,29999,8.0,190.0,32.0,64.0,4500,6.7,MediaTek Dimensity 8100,2024
588,Motorola,Moto S50 256GB,34999,12.0,190.0,32.0,64.0,4500,6.7,MediaTek Dimensity 8100,2024
589,Motorola,Edge 50 Neo 256GB,39999,8.0,171.0,32.0,50.0,4310,6.4,MediaTek Dimensity 7300,2024
590,Motorola,Edge 50 Neo 512GB,44999,12.0,171.0,32.0,50.0,4310,6.4,MediaTek Dimensity 7300,2024
591,Motorola,Moto G55 128GB,26999,8.0,182.0,16.0,50.0,5000,6.49,MediaTek Dimensity 7025,2024
592,Motorola,Moto G55 256GB,29999,8.0,182.0,16.0,50.0,5000,6.49,MediaTek Dimensity 7025,2024
593,Motorola,Moto G35 128GB,18999,4.0,188.0,16.0,50.0,5000,6.72,Unisoc T760,2024
594,Motorola,Moto G35 256GB,22999,8.0,188.0,16.0,50.0,5000,6.72,Unisoc T760,2024
595,Motorola,Moto G45 128GB,22999,6.0,183.0,16.0,50.0,5000,6.5,Snapdragon 6s Gen 3,2024
596,Motorola,Moto G45 256GB,26999,8.0,183.0,16.0,50.0,5000,6.5,Snapdragon 6s Gen 3,2024
597,Motorola,Edge 50 256GB,44999,8.0,180.0,32.0,50.0,4700,6.7,Snapdragon 7s Gen 2,2024
598,Motorola,Edge 50 512GB,49999,12.0,180.0,32.0,50.0,4700,6.7,Snapdragon 7s Gen 2,2024
599,Motorola,Razr 50 Ultra 512GB,99999,12.0,189.0,32.0,50.0,4000,6.9,Snapdragon 8+ Gen 1,2024
600,Motorola,Razr 50 256GB,79999,8.0,188.0,32.0,50.0,3800,6.7,Snapdragon 7 Gen 1,2024
601,Motorola,Moto G85 128GB,29999,8.0,173.0,32.0,50.0,5000,6.67,Snapdragon 6s Gen 3,2024
602,Motorola,Moto G85 256GB,34999,12.0,173.0,32.0,50.0,5000,6.67,Snapdragon 6s Gen 3,2024
603,Motorola,S50 Neo 256GB,26999,8.0,170.0,32.0,50.0,4300,6.5,MediaTek Dimensity 7200,2024
604,Motorola,S50 Neo 512GB,29999,12.0,170.0,32.0,50.0,4300,6.5,MediaTek Dimensity 7200,2024
605,Motorola,Moto E14 64GB,11999,4.0,180.0,8.0,13.0,5000,6.5,Unisoc T606,2024
606,Motorola,Moto E14 128GB,13999,4.0,180.0,8.0,13.0,5000,6.5,Unisoc T606,2024
607,Motorola,Edge 256GB,44999,8.0,174.0,32.0,50.0,4700,6.7,Snapdragon 7s Gen 2,2024
608,Motorola,Edge 512GB,49999,12.0,174.0,32.0,50.0,4700,6.7,Snapdragon 7s Gen 2,2024
609,Motorola,Moto X50 Ultra 512GB,119999,12.0,198.0,60.0,200.0,5000,6.9,Snapdragon 8 Gen 3,2024
610,Motorola,Moto G Stylus 5G 256GB,26999,6.0,195.0,16.0,50.0,5000,6.8,Snapdragon 6 Gen 1,2024
611,Motorola,Moto G Stylus 5G 512GB,29999,8.0,195.0,16.0,50.0,5000,6.8,Snapdragon 6 Gen 1,2024
612,Motorola,Edge 50 Ultra 512GB,119999,12.0,198.0,60.0,200.0,5000,6.9,Snapdragon 8 Gen 3,2024
613,Motorola,Edge 30 Fusion 128GB,49999,8.0,168.0,32.0,50.0,4400,6.55,Snapdragon 888+ 5G,2022
614,Motorola,Edge 30 Fusion 256GB,54999,12.0,168.0,32.0,50.0,4400,6.55,Snapdragon 888+ 5G,2022
615,Motorola,Edge 30 Neo 128GB,34999,6.0,155.0,32.0,64.0,4020,6.28,Snapdragon 695 5G,2022
616,Motorola,Edge 30 Neo 256GB,39999,8.0,155.0,32.0,64.0,4020,6.28,Snapdragon 695 5G,2022
617,Motorola,Moto G82 5G 128GB,24999,6.0,173.0,16.0,50.0,5000,6.6,Snapdragon 695 5G,2022
618,Motorola,Moto G82 5G 256GB,29999,8.0,173.0,16.0,50.0,5000,6.6,Snapdragon 695 5G,2022
619,Motorola,Moto G62 5G 128GB,19999,4.0,184.0,16.0,50.0,5000,6.5,Snapdragon 480+ 5G,2022
620,Motorola,Moto G62 5G 256GB,24999,6.0,184.0,16.0,50.0,5000,6.5,Snapdragon 480+ 5G,2022
621,Motorola,Moto G42 128GB,16999,4.0,175.0,16.0,50.0,5000,6.4,Snapdragon 680 4G,2022
622,Motorola,Moto G32 128GB,14999,4.0,184.0,16.0,50.0,5000,6.5,Snapdragon 680 4G,2022
623,Motorola,Moto E32s 64GB,11999,3.0,185.0,8.0,16.0,5000,6.5,MediaTek Helio G37,2022
624,Motorola,Moto E22i 32GB,9999,2.0,169.0,5.0,16.0,4020,6.5,MediaTek Helio G37,2022
625,Motorola,Moto E22 64GB,10999,4.0,169.0,5.0,16.0,4020,6.5,MediaTek Helio G37,2022
626,Motorola,Moto G22 64GB,12999,4.0,185.0,16.0,50.0,5000,6.5,MediaTek Helio G37,2022
627,Huawei,P50,59999,8.0,181.0,13.0,50.0,4100,6.5,Snapdragon 888 4G,2021
628,Huawei,P50 Pro,79999,8.0,195.0,13.0,50.0,4360,6.6,Snapdragon 888 4G,2021
629,Huawei,P50 Pocket,129999,8.0,190.0,10.7,40.0,4000,6.9,Snapdragon 888 4G,2021
630,Huawei,Mate 40E,69999,8.0,188.0,13.0,64.0,4200,6.5,Kirin 990E 5G,2021
631,Huawei,Mate X2,249999,8.0,295.0,16.0,50.0,4500,8.0,Kirin 9000 5G,2021
632,Huawei,Nova 9,37999,8.0,175.0,32.0,50.0,4300,6.57,Snapdragon 778G 4G,2021
633,Huawei,Nova 9 Pro,44999,8.0,186.0,32.0,50.0,4000,6.72,Snapdragon 778G 4G,2021
634,Huawei,P50E,54999,8.0,181.0,13.0,50.0,4100,6.5,Snapdragon 778G 4G,2022
635,Huawei,Mate Xs 2,199999,8.0,255.0,10.7,50.0,4600,7.8,Snapdragon 888 4G,2022
636,Huawei,Mate 50,84999,8.0,202.0,13.0,50.0,4460,6.7,Snapdragon 8+ Gen 1 4G,2022
637,Huawei,Mate 50 Pro,99999,8.0,205.0,13.0,50.0,4700,6.74,Snapdragon 8+ Gen 1 4G,2022
638,Huawei,Nova 10,39999,8.0,168.0,60.0,50.0,4000,6.67,Snapdragon 778G 4G,2022
639,Huawei,Nova 10 Pro,49999,8.0,191.0,60.0,50.0,4500,6.78,Snapdragon 778G 4G,2022
640,Huawei,Nova 10 SE,34999,8.0,184.0,16.0,108.0,4500,6.67,Snapdragon 680 4G,2022
641,Huawei,P60,84999,8.0,197.0,13.0,48.0,4815,6.67,Snapdragon 8+ Gen 1 4G,2023
642,Huawei,P60 Pro,99999,8.0,200.0,13.0,48.0,4815,6.67,Snapdragon 8+ Gen 1 4G,2023
643,Huawei,P60 Art,119999,8.0,206.0,13.0,48.0,5100,6.73,Snapdragon 8+ Gen 1 4G,2023
644,Huawei,Mate X3,249999,12.0,239.0,8.0,50.0,4800,7.85,Snapdragon 8+ Gen 1 4G,2023
645,Huawei,Mate 60,109999,12.0,209.0,13.0,50.0,4750,6.7,Kirin 9000S,2023
646,Huawei,Mate 60 Pro,129999,12.0,225.0,13.0,50.0,5000,6.82,Kirin 9000S,2023
647,Huawei,Mate 60 Pro+,149999,12.0,235.0,13.0,50.0,5200,6.82,Kirin 9000S,2023
648,Huawei,Nova 11,44999,8.0,168.0,60.0,50.0,4500,6.7,Snapdragon 778G 4G,2023
649,Huawei,Nova 11 Pro,54999,8.0,188.0,60.0,50.0,4500,6.78,Snapdragon 778G 4G,2023
650,Huawei,Nova 11 Ultra,64999,12.0,188.0,60.0,50.0,4500,6.78,Snapdragon 778G 4G,2023
651,Huawei,Pura 70,84999,12.0,220.0,13.0,50.0,4900,6.8,Kirin 9010,2024
652,Huawei,Pura 70 Pro,99999,12.0,220.0,13.0,50.0,5050,6.8,Kirin 9010,2024
653,Huawei,Pura 70 Pro+,114999,12.0,220.0,13.0,50.0,5050,6.8,Kirin 9010,2024
654,Huawei,Pura 70 Ultra,129999,16.0,226.0,13.0,50.0,5200,6.8,Kirin 9010,2024
655,Huawei,Mate 70,89999,12.0,220.0,13.0,50.0,4900,6.7,Kirin 9010,2024
656,Huawei,Mate 70 Pro,104999,12.0,220.0,13.0,50.0,5000,6.8,Kirin 9010,2024
657,Huawei,Mate 70 Pro+,119999,12.0,220.0,13.0,50.0,5000,6.8,Kirin 9010,2024
658,Huawei,Mate X6,249999,12.0,241.0,8.0,50.0,4800,7.93,Kirin 9010,2024
659,Huawei,Nova 12,44999,8.0,168.0,60.0,50.0,4500,6.7,Kirin 9000S,2024
660,Huawei,Nova 12 Pro,54999,8.0,188.0,60.0,50.0,4500,6.78,Kirin 9000S,2024
661,Huawei,Mate XT 256GB,259999,12.0,245.0,13.0,50.0,5000,7.92,Kirin 9010,2024
662,Huawei,Mate XT 512GB,274999,12.0,245.0,13.0,50.0,5000,7.92,Kirin 9010,2024
663,Huawei,Nova 13 256GB,47999,8.0,170.0,50.0,50.0,4600,6.7,Kirin 9000S,2024
664,Huawei,Nova 13 512GB,54999,8.0,170.0,50.0,50.0,4600,6.7,Kirin 9000S,2024
665,Huawei,Nova 13 Pro 256GB,59999,8.0,190.0,60.0,50.0,4600,6.78,Kirin 9000S,2024
666,Huawei,Nova 13 Pro 512GB,67999,8.0,190.0,60.0,50.0,4600,6.78,Kirin 9000S,2024
667,Nokia,G42 5G 128GB,18999,4.0,193.0,8.0,50.0,5000,6.56,Snapdragon 480+,2023
668,Nokia,G20 64GB,12499,4.0,197.0,8.0,48.0,5050,6.52,MediaTek G35,2021
669,Nokia,G20 128GB,13999,4.0,197.0,8.0,48.0,5050,6.52,MediaTek G35,2021
670,Nokia,C32 64GB,9999,3.0,199.0,8.0,50.0,5000,6.52,Unisoc SC9863A,2023
671,Nokia,C32 128GB,10999,4.0,199.0,8.0,50.0,5000,6.52,Unisoc SC9863A,2023
672,Nokia,G21 64GB,11999,4.0,190.0,8.0,50.0,5050,6.5,Unisoc T606,2022
673,Nokia,G21 128GB,13999,6.0,190.0,8.0,50.0,5050,6.5,Unisoc T606,2022
674,Nokia,C22 64GB,8499,2.0,190.0,8.0,13.0,5000,6.5,Unisoc SC9863A,2023
675,Nokia,C22 128GB,9499,3.0,190.0,8.0,13.0,5000,6.5,Unisoc SC9863A,2023
676,Nokia,G400 128GB,22999,6.0,198.0,16.0,48.0,5000,6.58,Snapdragon 480,2022
677,Sony,Xperia 1 IV 256GB,119999,12.0,185.0,12.0,12.0,5000,6.5,Snapdragon 8 Gen 1,2022
678,Sony,Xperia 5 IV 128GB,89999,8.0,172.0,12.0,12.0,5000,6.1,Snapdragon 8 Gen 1,2022
679,Sony,Xperia 10 IV 128GB,49999,6.0,161.0,8.0,12.0,5000,6.0,Snapdragon 695,2022
680,Sony,Xperia 1 V 256GB,124999,12.0,187.0,12.0,48.0,5000,6.5,Snapdragon 8 Gen 2,2023
681,Sony,Xperia 5 V 128GB,94999,8.0,178.0,12.0,48.0,5000,6.1,Snapdragon 8 Gen 2,2023
682,Sony,Xperia 10 V 128GB,54999,6.0,164.0,8.0,48.0,5000,6.1,Snapdragon 695,2023
683,Sony,Xperia 1 VI 256GB,129999,12.0,190.0,12.0,48.0,5000,6.5,Snapdragon 8 Gen 3,2024
684,Sony,Xperia 5 VI 128GB,99999,8.0,180.0,12.0,48.0,5000,6.1,Snapdragon 8 Gen 3,2024
685,Sony,Xperia 10 VI 128GB,59999,6.0,167.0,8.0,48.0,5000,6.1,Snapdragon 7 Gen 1,2024
686,Nokia,T21,17999,4.0,466.0,8.0,8.0,8200,10.4,Unisoc T612,2022
687,Huawei,MatePad Pro 12.2 512GB,49990,12.0,508.0,16.0,13.0,10100,12.2,Kirin 9000S,2024
688,Huawei,MatePad Pro 13.2 512GB,58590,12.0,580.0,16.0,13.0,10100,13.2,Kirin 9000S,2024
689,Google,Pixel 3a 64GB,39999,4.0,147.0,8.0,12.2,3000,5.6,Snapdragon 670,2019
690,Google,Pixel 3a XL 64GB,44999,4.0,167.0,8.0,12.2,3700,6.0,Snapdragon 670,2019
691,Google,Pixel 4 64GB,59999,6.0,162.0,8.0,12.2,2800,5.7,Snapdragon 855,2019
692,Google,Pixel 4 XL 64GB,69999,6.0,193.0,8.0,12.2,3700,6.3,Snapdragon 855,2019
693,Google,Pixel 4a 128GB,31999,6.0,143.0,8.0,12.2,3140,5.8,Snapdragon 730G,2020
694,Google,Pixel 4a 5G 128GB,37999,6.0,168.0,8.0,12.2,3885,6.2,Snapdragon 765G,2020
695,Google,Pixel 5 128GB,49999,8.0,151.0,8.0,12.2,4080,6.0,Snapdragon 765G,2020
696,Google,Pixel 5a 128GB,42999,6.0,183.0,8.0,12.2,4680,6.34,Snapdragon 765G,2021
697,Google,Pixel 6 128GB,59999,8.0,207.0,8.0,50.0,4614,6.4,Google Tensor,2021
698,Google,Pixel 6 Pro 256GB,79999,12.0,210.0,11.1,50.0,5003,6.71,Google Tensor,2021
699,Google,Pixel 6a 128GB,43999,6.0,178.0,8.0,12.2,4410,6.1,Google Tensor,2022
700,Google,Pixel 7 128GB,64999,8.0,197.0,10.8,50.0,4355,6.3,Google Tensor G2,2022
701,Google,Pixel 7 Pro 256GB,89999,12.0,212.0,10.8,50.0,5000,6.7,Google Tensor G2,2022
702,Google,Pixel 7a 128GB,44999,8.0,193.0,10.8,64.0,4385,6.1,Google Tensor G2,2023
703,Google,Pixel 8 128GB,69999,8.0,187.0,10.5,50.0,4575,6.2,Google Tensor G3,2023
704,Google,Pixel 8 Pro 256GB,99999,12.0,213.0,10.5,50.0,5050,6.7,Google Tensor G3,2023
705,Google,Pixel 8a 128GB,49999,8.0,194.0,10.5,64.0,4385,6.1,Google Tensor G3,2024
706,Google,Pixel 9 128GB,74999,8.0,195.0,10.8,50.0,4600,6.3,Google Tensor G4,2024
707,Google,Pixel 9 Pro 256GB,109999,12.0,216.0,10.8,50.0,5050,6.7,Google Tensor G4,2024
708,Google,Pixel 9 Pro XL 512GB,129999,16.0,222.0,10.8,50.0,5250,6.8,Google Tensor G4,2024
709,Google,Pixel 9 Pro Fold 512GB,179999,16.0,250.0,10.8,50.0,5500,7.6,Google Tensor G4,2024
710,Tecno,Spark Go 1S 64GB,9999,4.0,190.0,8.0,13.0,5000,6.6,MediaTek Helio A22,2024
711,Tecno,Megapad 11 256GB,29999,8.0,450.0,13.0,50.0,8000,11.0,MediaTek G99,2024
712,Tecno,Pop 9 4G 64GB,7499,3.0,195.0,5.0,8.0,5000,6.52,Unisoc SC9863A,2024
713,Tecno,Megapad 128GB,24999,6.0,420.0,12.0,50.0,7500,10.9,MediaTek Helio G80,2024
714,Tecno,Camon 30S 256GB,39999,8.0,198.0,32.0,50.0,5200,6.8,MediaTek Dimensity 810,2024
715,Tecno,Spark 30C 5G 128GB,14999,6.0,200.0,16.0,50.0,5000,6.6,MediaTek Dimensity 6100+,2024
716,Tecno,Spark 30 5G 128GB,16999,6.0,195.0,16.0,50.0,5000,6.6,MediaTek Dimensity 6020,2024
717,Tecno,Pop 9 64GB,6999,3.0,190.0,5.0,8.0,5000,6.52,Unisoc SC9832E,2024
718,Tecno,Spark 30 Pro 256GB,19999,8.0,205.0,32.0,50.0,5200,6.8,MediaTek Helio G99,2024
719,Tecno,Spark 30 128GB,12999,4.0,192.0,16.0,50.0,5000,6.6,MediaTek Helio G85,2024
720,Tecno,Phantom V Fold2 512GB,169999,12.0,280.0,32.0,64.0,5500,7.85,MediaTek Dimensity 9200+,2024
721,Tecno,Phantom V Flip2 256GB,79999,8.0,195.0,32.0,50.0,4300,6.9,MediaTek Dimensity 8050,2024
722,Tecno,Pova 6 Neo 5G 256GB,29999,8.0,225.0,16.0,50.0,6000,6.8,MediaTek Dimensity 810,2024
723,Tecno,Spark 30C 128GB,11999,4.0,190.0,16.0,50.0,5000,6.6,MediaTek Helio G85,2024
724,Tecno,Spark Go 1 64GB,7499,3.0,195.0,5.0,8.0,5000,6.52,Unisoc SC9863A,2024
725,Tecno,Camon 30S Pro 512GB,79999,12.0,202.0,50.0,108.0,5200,6.9,MediaTek Dimensity 9200,2024
726,Tecno,Spark 20P 128GB,13999,4.0,195.0,16.0,50.0,5000,6.6,MediaTek Helio G85,2024
727,Tecno,Spark 20 Pro 5G 256GB,24999,8.0,210.0,32.0,50.0,5200,6.8,MediaTek Dimensity 810,2024
728,Tecno,Pova 6 Neo 256GB,22999,8.0,230.0,16.0,50.0,6000,6.8,MediaTek Helio G99,2024
729,Tecno,Camon 30 Premier 512GB,89999,12.0,210.0,50.0,108.0,5200,6.9,MediaTek Dimensity 9200,2024
730,Tecno,Camon 30 Pro 512GB,64999,12.0,205.0,50.0,64.0,5200,6.8,MediaTek Dimensity 8200,2024
731,Tecno,Camon 30 5G 256GB,39999,8.0,198.0,32.0,50.0,5000,6.7,MediaTek Dimensity 810,2024
732,Tecno,Camon 30 128GB,29999,6.0,195.0,32.0,50.0,5000,6.7,MediaTek Helio G99,2024
733,Tecno,Pova 6 Pro 512GB,79999,12.0,230.0,32.0,64.0,6000,6.9,MediaTek Dimensity 8100,2024
734,Tecno,Spark 20 Pro+ 256GB,19999,8.0,210.0,32.0,50.0,5200,6.8,MediaTek Helio G99,2024
735,Tecno,Spark 20 Pro 128GB,14999,6.0,195.0,16.0,50.0,5000,6.6,MediaTek Helio G85,2024
736,Tecno,Spark 20 128GB,12999,4.0,192.0,16.0,50.0,5000,6.6,MediaTek Helio G85,2024
737,Tecno,Spark 20C 128GB,11999,4.0,190.0,16.0,50.0,5000,6.6,MediaTek Helio G85,2024
738,Tecno,Spark Go 2024 64GB,7499,3.0,195.0,5.0,8.0,5000,6.52,Unisoc SC9863A,2024
739,Tecno,Pop 8 64GB,6999,3.0,195.0,5.0,8.0,5000,6.52,Unisoc SC9832E,2024
740,Tecno,Camon 20s Pro 5G 512GB,79999,12.0,202.0,50.0,108.0,5200,6.9,MediaTek Dimensity 9200,2024
741,Tecno,Camon 20s Pro 256GB,59999,12.0,202.0,50.0,108.0,5200,6.9,MediaTek Dimensity 810,2024
742,Tecno,Camon 20s 256GB,34999,8.0,200.0,32.0,50.0,5000,6.7,MediaTek Helio G99,2024
743,Tecno,Camon 20 Premier 512GB,74999,12.0,205.0,50.0,108.0,5200,6.8,MediaTek Dimensity 8200,2024
744,Tecno,Camon 20 Pro 5G 256GB,39999,8.0,200.0,32.0,50.0,5000,6.7,MediaTek Dimensity 810,2024
745,Tecno,Camon 20 Pro 128GB,29999,6.0,198.0,32.0,50.0,5000,6.7,MediaTek Helio G99,2024
746,Tecno,Camon 20 128GB,29999,6.0,195.0,32.0,50.0,5000,6.7,MediaTek Helio G99,2024
747,Tecno,Pova 5G 512GB,54999,8.0,240.0,32.0,50.0,6000,6.9,MediaTek Dimensity 900,2024
748,Tecno,Pova 5 256GB,24999,8.0,230.0,16.0,50.0,6000,6.8,MediaTek Helio G99,2024
749,Infinix,Xpad,21999,6.0,450.0,8.0,13.0,7000,10.1,MediaTek Helio G99,2024
750,Infinix,Xpad 5G,29999,8.0,470.0,16.0,50.0,8000,10.4,MediaTek Dimensity 810,2024
751,Infinix,Xpad Lite,14999,4.0,420.0,5.0,8.0,6000,9.7,Unisoc T606,2024
752,Infinix,Xpad Pro,39999,12.0,480.0,32.0,50.0,9000,11.0,MediaTek Dimensity 9200,2024
753,Infinix,Hot 50,14999,6.0,192.0,8.0,50.0,5000,6.78,MediaTek Helio G85,2024
754,Infinix,Hot 50i,12499,4.0,190.0,8.0,50.0,5000,6.6,Unisoc T606,2024
755,Infinix,Hot 50 5G,18999,8.0,195.0,16.0,50.0,5200,6.78,MediaTek Dimensity 810,2024
756,Infinix,Hot 50 Pro,17999,8.0,194.0,16.0,50.0,5000,6.8,MediaTek Helio G99,2024
757,Infinix,Hot 50 Pro+,24999,12.0,196.0,32.0,108.0,5300,6.9,MediaTek Dimensity 9200,2024
758,Infinix,GT 20 Pro,32999,12.0,198.0,32.0,108.0,5500,6.9,MediaTek Dimensity 8200,2024
759,Infinix,Note 40X 5G,23999,8.0,198.0,32.0,108.0,5200,6.8,MediaTek Dimensity 7200,2024
760,Infinix,Note 40S,16999,8.0,196.0,32.0,50.0,5000,6.78,MediaTek Helio G99,2024
761,Infinix,Note 40 5G,19999,8.0,195.0,32.0,108.0,5200,6.8,MediaTek Dimensity 8100,2024
762,Infinix,Note 40 Pro 5G,27999,12.0,195.0,32.0,108.0,5300,6.8,MediaTek Dimensity 9000,2024
763,Infinix,Note 40 Racing Edition,32999,12.0,196.0,32.0,108.0,5500,6.9,MediaTek Dimensity 9200,2024
764,Infinix,Hot 40,12499,8.0,196.0,32.0,50.0,5000,6.78,MediaTek Helio G88,2023
765,Infinix,Hot 40i,10999,4.0,195.0,8.0,13.0,5000,6.6,Unisoc T606,2023
766,Infinix,Hot 40 Pro,14999,8.0,195.0,32.0,108.0,5000,6.78,MediaTek Helio G99,2023
767,Infinix,Zero 40,24999,12.0,195.0,50.0,108.0,5000,6.78,MediaTek Dimensity 8200,2024
768,Infinix,Zero 40 5G,27999,12.0,195.0,50.0,108.0,5000,6.78,MediaTek Dimensity 8200,2024
769,Infinix,Zero Flip,32999,8.0,190.0,32.0,108.0,4500,6.7,Qualcomm Snapdragon 778G,2024
770,Infinix,Note 40,17999,8.0,190.0,32.0,108.0,5000,6.78,MediaTek Helio G99,2024
771,Infinix,Note 40 Pro,22999,12.0,190.0,32.0,108.0,5000,6.78,MediaTek Dimensity 8100,2024
772,Infinix,Hot 30 128GB,12499,8.0,196.0,8.0,50.0,5000,6.78,MediaTek Helio G88,2023
773,Infinix,Hot 30i 128GB,10999,4.0,191.0,8.0,13.0,5000,6.6,Unisoc T606,2023
774,Infinix,Hot 30i NFC 128GB,11499,4.0,191.0,8.0,13.0,5000,6.6,Unisoc T606,2023
775,Infinix,Hot 30 Play 128GB,11999,4.0,205.0,8.0,16.0,6000,6.82,MediaTek Helio G37,2023
776,Infinix,Hot 30 5G 128GB,17999,8.0,202.0,8.0,50.0,5000,6.78,MediaTek Dimensity 810,2023
777,Infinix,Zero 30 256GB,26999,8.0,185.0,50.0,108.0,5000,6.78,MediaTek Dimensity 8020,2023
778,Infinix,Zero 30 5G 256GB,29999,12.0,185.0,50.0,108.0,5000,6.78,MediaTek Dimensity 8020,2023
779,Infinix,GT 10 Pro 256GB,32999,8.0,187.0,32.0,108.0,5000,6.67,MediaTek Dimensity 8050,2023
780,Infinix,Hot 12 128GB,11499,6.0,195.0,8.0,13.0,5000,6.82,MediaTek Helio G85,2022
781,Infinix,Hot 12 Play 128GB,10499,4.0,209.0,8.0,13.0,6000,6.82,Unisoc T610,2022
782,Infinix,Hot 12 Pro 128GB,12999,8.0,191.0,8.0,50.0,5000,6.6,Unisoc T616,2022
783,Infinix,Hot 12i 64GB,9999,4.0,190.0,8.0,13.0,5000,6.6,MediaTek Helio A22,2022
784,Infinix,Hot 20 128GB,12999,6.0,198.0,8.0,50.0,5000,6.82,MediaTek Helio G85,2022
785,Infinix,Hot 20 Play 128GB,10999,4.0,209.0,8.0,13.0,6000,6.82,MediaTek Helio G37,2022
786,Infinix,Hot 20s 128GB,14999,8.0,202.0,8.0,50.0,5000,6.78,MediaTek Helio G96,2022
787,Infinix,Hot 20 5G 128GB,16999,6.0,204.0,8.0,50.0,5000,6.6,MediaTek Dimensity 810,2022
788,Infinix,Hot 20i 64GB,9499,4.0,195.0,8.0,13.0,5000,6.6,MediaTek Helio G25,2022
789,Infinix,Hot 10T 128GB,10499,4.0,205.0,8.0,48.0,5000,6.82,MediaTek Helio G70,2021
790,Infinix,Hot 10S 128GB,11999,6.0,211.0,8.0,48.0,6000,6.82,MediaTek Helio G85,2021
791,Infinix,Hot 10S NFC 128GB,12499,6.0,211.0,8.0,48.0,6000,6.82,MediaTek Helio G85,2021
792,Infinix,Hot 10 Lite 64GB,7999,3.0,195.0,8.0,13.0,5000,6.6,MediaTek Helio A25,2020
793,Infinix,Hot 10 Play 64GB,9499,4.0,207.0,8.0,13.0,6000,6.82,MediaTek Helio G25,2021
794,Infinix,Hot 11 128GB,10999,4.0,201.0,8.0,13.0,5200,6.6,MediaTek Helio G70,2021
795,Infinix,Hot 11 Play 128GB,11499,4.0,209.0,8.0,13.0,6000,6.82,MediaTek Helio G35,2021
796,Infinix,Hot 11s 128GB,12999,6.0,205.0,8.0,50.0,5000,6.78,MediaTek Helio G88,2021
797,Infinix,Smart HD 32GB,5999,2.0,195.0,5.0,8.0,5000,6.1,MediaTek Helio A20,2020
798,Infinix,Note 8i 128GB,12999,6.0,210.0,8.0,48.0,5200,6.78,MediaTek Helio G80,2020
799,Infinix,Hot 10 Lite 64GB,7999,3.0,195.0,8.0,13.0,5000,6.6,MediaTek Helio A25,2020
800,Infinix,Note 8 128GB,15999,6.0,210.0,16.0,64.0,5200,6.95,MediaTek Helio G80,2020
801,Infinix,Zero 8i 128GB,17999,8.0,210.0,16.0,48.0,4500,6.85,MediaTek Helio G90T,2020
802,Infinix,Hot 10 128GB,10999,4.0,204.0,8.0,16.0,5200,6.78,MediaTek Helio G70,2020
803,Infinix,Zero 8 128GB,19999,8.0,205.0,48.0,64.0,4500,6.85,MediaTek Helio G90T,2020
804,Infinix,Smart 5 64GB,7499,3.0,195.0,8.0,13.0,5000,6.6,MediaTek Helio A20,2020
805,Honor,9X Lite,15999,4.0,175.0,8.0,48.0,3750,6.5,Kirin 710F,2020
806,Honor,30,29999,8.0,185.0,32.0,40.0,4000,6.53,Kirin 985 5G,2020
807,Honor,30 Pro,39999,8.0,190.0,32.0,50.0,4000,6.57,Kirin 990 5G,2020
808,Honor,30 Pro+,45999,12.0,192.0,32.0,50.0,4000,6.57,Kirin 990 5G,2020
809,Honor,30S,22999,6.0,190.0,16.0,64.0,4000,6.5,Kirin 820 5G,2020
810,Honor,X10,19999,6.0,203.0,16.0,40.0,4300,6.63,Kirin 820 5G,2020
811,Honor,X10 Max,25999,8.0,227.0,8.0,48.0,5000,7.09,MediaTek Dimensity 800,2020
812,Honor,Play 4,21999,6.0,213.0,16.0,64.0,4300,6.81,MediaTek Dimensity 800,2020
813,Honor,Play 4 Pro,29999,8.0,213.0,32.0,40.0,4200,6.57,Kirin 990 5G,2020
814,Honor,10X Lite,13999,4.0,206.0,8.0,48.0,5000,6.67,Kirin 710A,2020
815,Honor,V40,37999,8.0,189.0,16.0,50.0,4000,6.72,MediaTek Dimensity 1000+,2021
816,Honor,50,37999,8.0,175.0,32.0,108.0,4300,6.57,Qualcomm Snapdragon 778G,2021
817,Honor,50 Pro,44999,8.0,187.0,32.0,108.0,4000,6.72,Qualcomm Snapdragon 778G,2021
818,Honor,50 SE,29999,8.0,191.0,16.0,108.0,4000,6.78,MediaTek Dimensity 900,2021
819,Honor,X20,25999,6.0,192.0,16.0,64.0,4300,6.67,MediaTek Dimensity 900,2021
820,Honor,X20 SE,22999,6.0,179.0,16.0,64.0,4000,6.6,MediaTek Dimensity 700,2021
821,Honor,Play 5,19999,8.0,179.0,16.0,64.0,3800,6.53,MediaTek Dimensity 800U,2021
822,Honor,Play 5T,14999,6.0,191.0,8.0,13.0,5000,6.5,Unisoc T610,2021
823,Honor,Magic3,64999,8.0,202.0,13.0,50.0,4600,6.76,Qualcomm Snapdragon 888,2021
824,Honor,Magic3 Pro,74999,8.0,213.0,13.0,50.0,4600,6.76,Qualcomm Snapdragon 888+,2021
825,Honor,Magic3 Pro+,84999,12.0,236.0,13.0,50.0,4600,6.76,Qualcomm Snapdragon 888+,2021
826,Honor,60,41999,8.0,179.0,32.0,108.0,4800,6.67,Qualcomm Snapdragon 778G,2021
827,Honor,60 Pro,49999,8.0,192.0,50.0,108.0,4800,6.78,Qualcomm Snapdragon 778G+,2021
828,Honor,60 SE,29999,8.0,191.0,16.0,64.0,4300,6.67,MediaTek Dimensity 900,2021
829,Honor,X30,27999,6.0,189.0,16.0,48.0,4800,6.81,Qualcomm Snapdragon 695,2021
830,Honor,X30i,22999,6.0,175.0,16.0,48.0,4000,6.7,MediaTek Dimensity 810,2021
831,Honor,X30 Max,35999,8.0,228.0,8.0,64.0,5000,7.09,MediaTek Dimensity 900,2021
832,Honor,Play 6,12999,6.0,190.0,5.0,13.0,5000,6.52,MediaTek MT6762G Helio G25,2022
833,Honor,Play 6T,16999,6.0,198.0,5.0,13.0,5000,6.74,MediaTek Dimensity 700,2022
834,Honor,Magic4,72999,8.0,199.0,12.0,50.0,4800,6.81,Qualcomm Snapdragon 8 Gen 1,2022
835,Honor,Magic4 Pro,84999,8.0,215.0,12.0,50.0,4600,6.81,Qualcomm Snapdragon 8 Gen 1,2022
836,Honor,Magic4 Ultimate,99999,12.0,242.0,12.0,50.0,4600,6.81,Qualcomm Snapdragon 8 Gen 1,2022
837,Honor,Magic V,149999,12.0,288.0,42.0,50.0,4750,7.9,Qualcomm Snapdragon 8 Gen 1,2022
838,Honor,70,46999,8.0,178.0,32.0,54.0,4800,6.67,Qualcomm Snapdragon 778G+,2022
839,Honor,70 Pro,59999,8.0,192.0,50.0,54.0,4500,6.78,MediaTek Dimensity 8000,2022
840,Honor,70 Pro+,69999,12.0,209.0,50.0,54.0,4500,6.78,MediaTek Dimensity 9000,2022
841,Honor,X40,26999,6.0,172.0,8.0,50.0,5100,6.67,Qualcomm Snapdragon 695,2022
842,Honor,X40i,22999,6.0,175.0,8.0,50.0,4000,6.7,MediaTek Dimensity 700,2022
843,Honor,Play 7,12499,4.0,196.0,5.0,13.0,5200,6.74,MediaTek Helio G37,2023
844,Honor,Play 7T,14999,6.0,199.0,5.0,13.0,5200,6.74,MediaTek Dimensity 6020,2023
845,Honor,Magic5,79999,8.0,204.0,12.0,50.0,5100,6.81,Qualcomm Snapdragon 8 Gen 2,2023
846,Honor,Magic5 Pro,99999,12.0,219.0,12.0,50.0,5100,6.81,Qualcomm Snapdragon 8 Gen 2,2023
847,Honor,Magic5 Ultimate,119999,16.0,234.0,12.0,50.0,5450,6.81,Qualcomm Snapdragon 8 Gen 2,2023
848,Honor,Magic Vs,149999,12.0,267.0,16.0,50.0,5000,7.9,Qualcomm Snapdragon 8+ Gen 1,2023
849,Honor,80,46999,8.0,180.0,32.0,160.0,4800,6.67,Qualcomm Snapdragon 782G,2022
850,Honor,80 Pro,69999,12.0,193.0,50.0,160.0,4800,6.78,Qualcomm Snapdragon 8+ Gen 1,2022
851,Honor,80 SE,34999,8.0,175.0,32.0,64.0,4600,6.67,MediaTek Dimensity 900,2022
852,Honor,X50,28999,6.0,185.0,8.0,108.0,5800,6.78,Qualcomm Snapdragon 6 Gen 1,2023
853,Honor,X50i,21999,6.0,179.0,8.0,100.0,4500,6.7,MediaTek Dimensity 6020,2023
854,Honor,Play 8,11499,4.0,191.0,5.0,13.0,5000,6.52,MediaTek Helio G36,2023
855,Honor,Play 8T,13999,6.0,195.0,5.0,50.0,5200,6.74,MediaTek Dimensity 6100+,2023
856,Honor,Magic6,89999,8.0,203.0,12.0,50.0,5200,6.81,Qualcomm Snapdragon 8 Gen 3,2024
857,Honor,Magic6 Pro,109999,12.0,219.0,12.0,50.0,5500,6.81,Qualcomm Snapdragon 8 Gen 3,2024
858,Honor,Magic6 Ultimate,129999,16.0,234.0,12.0,50.0,5550,6.81,Qualcomm Snapdragon 8 Gen 3,2024
859,Honor,Magic V2,159999,12.0,231.0,16.0,50.0,5000,7.92,Qualcomm Snapdragon 8 Gen 2,2024
860,Honor,90,54999,12.0,183.0,50.0,200.0,5000,6.7,Qualcomm Snapdragon 7 Gen 1,2023
861,Honor,90 Pro,64999,12.0,192.0,50.0,200.0,5000,6.78,Qualcomm Snapdragon 8+ Gen 1,2023
862,Honor,90 SE,34999,8.0,175.0,32.0,64.0,4600,6.67,MediaTek Dimensity 900,2023
863,Honor,X60,28999,6.0,185.0,8.0,108.0,5800,6.78,Qualcomm Snapdragon 6 Gen 1,2023
864,Honor,X60i,21999,6.0,179.0,8.0,100.0,4500,6.7,MediaTek Dimensity 6020,2023
865,Honor,Play 9,11499,4.0,191.0,5.0,13.0,5000,6.52,MediaTek Helio G36,2023
866,Honor,Play 9T,13999,6.0,195.0,5.0,50.0,5200,6.74,MediaTek Dimensity 6100+,2023
867,Honor,Magic7,89999,8.0,203.0,12.0,50.0,5200,6.81,Qualcomm Snapdragon 8 Gen 3,2024
868,Honor,Magic7 Pro,109999,12.0,219.0,12.0,50.0,5500,6.81,Qualcomm Snapdragon 8 Gen 3,2024
869,Honor,Magic7 Ultimate,129999,16.0,234.0,12.0,50.0,5550,6.81,Qualcomm Snapdragon 8 Gen 3,2024
870,Honor,Magic V3,159999,12.0,231.0,16.0,50.0,5000,7.92,Qualcomm Snapdragon 8 Gen 2,2024
871,Honor,Pad 6,17999,4.0,460.0,2.0,5.0,5100,10.1,Qualcomm Snapdragon 662,2020
872,Honor,Pad X6,14999,3.0,460.0,2.0,5.0,5100,9.7,MediaTek MT8768T,2020
873,Honor,Pad 7,19999,4.0,460.0,2.0,5.0,5100,10.1,MediaTek Helio G80,2021
874,Honor,Tablet V7,34999,6.0,480.0,8.0,13.0,7250,10.4,MediaTek Dimensity 800,2021
875,Honor,Tablet V7 Pro,44999,8.0,485.0,8.0,13.0,7250,11.0,MediaTek Dimensity 1300T,2021
876,Honor,Pad 8,24999,6.0,520.0,5.0,5.0,7250,12.0,Qualcomm Snapdragon 680,2022
877,Honor,Pad X8,16999,4.0,460.0,2.0,5.0,5100,10.1,MediaTek Helio G80,2022
878,Honor,Pad X8 Lite,12999,3.0,450.0,2.0,5.0,5000,9.7,MediaTek MT8786,2022
879,Honor,Pad V8,39999,6.0,510.0,5.0,13.0,7250,11.0,MediaTek Dimensity 8020,2023
880,Honor,Pad V8 Pro,54999,8.0,530.0,8.0,13.0,8500,12.1,MediaTek Dimensity 9000,2023
881,Honor,Pad 9,34999,8.0,550.0,8.0,13.0,8300,12.1,Qualcomm Snapdragon 6 Gen 1,2024
882,Honor,Pad 9 Pro,44999,12.0,560.0,8.0,13.0,9000,12.6,MediaTek Dimensity 8100,2024
883,Honor,Pad X9,22999,6.0,495.0,5.0,8.0,7250,11.5,Qualcomm Snapdragon 685,2023
884,Honor,Pad X8 Pro,16999,4.0,460.0,2.0,5.0,5100,10.1,MediaTek Helio G80,2023
885,Honor,MagicPad 13,64999,12.0,590.0,8.0,13.0,10000,13.0,Qualcomm Snapdragon 8+ Gen 1,2023
886,Honor,MagicPad 2,74999,16.0,580.0,12.0,16.0,10500,13.2,Qualcomm Snapdragon 8 Gen 2,2024
887,Honor,Pad X8a,12999,4.0,450.0,2.0,5.0,5000,9.7,MediaTek MT8786,2023
888,Honor,Pad X8a Kids Edition,10999,3.0,460.0,2.0,5.0,5100,9.7,MediaTek MT8786,2023
889,Honor,Pad X9 Pro,29999,8.0,505.0,8.0,13.0,8000,11.6,Qualcomm Snapdragon 7s Gen 2,2024
890,Honor,Pad V9,54999,8.0,530.0,8.0,13.0,8500,12.1,MediaTek Dimensity 9000,2024
891,Honor,Pad GT Pro,84999,12.0,610.0,12.0,16.0,10500,13.5,Qualcomm Snapdragon 8 Gen 3,2024
892,Honor,Pad X10,29999,6.0,475.0,5.0,8.0,8850,12.1,Qualcomm Snapdragon 685,2024
893,Honor,Pad X10 Pro,39999,8.0,485.0,8.0,13.0,9000,12.6,Qualcomm Snapdragon 7s Gen 2,2024
894,Honor,MagicPad 3,64999,12.0,590.0,12.0,16.0,10500,13.0,Qualcomm Snapdragon 8 Gen 3,2024
895,Honor,Pad V10,54999,8.0,530.0,8.0,13.0,8500,12.1,MediaTek Dimensity 9000,2024
896,POCO,F2 Pro 128GB,37999,6.0,219.0,20.0,64.0,4700,6.67,Snapdragon 865,2020
897,POCO,M2 Pro 64GB,13999,4.0,209.0,16.0,48.0,5000,6.67,Snapdragon 720G,2020
898,POCO,X3 NFC 128GB,16999,6.0,215.0,20.0,64.0,5160,6.67,Snapdragon 732G,2020
899,POCO,M3 64GB,10999,4.0,198.0,8.0,48.0,6000,6.53,Snapdragon 662,2020
900,POCO,F3 128GB,29999,6.0,196.0,20.0,48.0,4520,6.67,Snapdragon 870,2021
901,POCO,X3 Pro 128GB,18999,6.0,215.0,20.0,48.0,5160,6.67,Snapdragon 860,2021
902,POCO,M3 Pro 5G 64GB,13999,4.0,190.0,8.0,48.0,5000,6.5,MediaTek Dimensity 700,2021
903,POCO,F3 GT 128GB,25999,6.0,205.0,16.0,64.0,5065,6.67,MediaTek Dimensity 1200,2021
904,POCO,X3 GT 128GB,21999,6.0,193.0,16.0,64.0,5000,6.6,MediaTek Dimensity 1100,2021
905,POCO,M4 Pro 5G 128GB,14999,4.0,195.0,16.0,50.0,5000,6.6,MediaTek Dimensity 810,2021
906,POCO,F4 128GB,27999,6.0,195.0,20.0,64.0,4500,6.67,Snapdragon 870,2022
907,POCO,F4 GT 128GB,39999,8.0,210.0,20.0,64.0,4700,6.67,Snapdragon 8 Gen 1,2022
908,POCO,X4 Pro 5G 128GB,18999,6.0,205.0,16.0,108.0,5000,6.67,Snapdragon 695,2022
909,POCO,M4 Pro 128GB,14999,6.0,179.0,16.0,64.0,5000,6.43,MediaTek Helio G96,2022
910,POCO,M5 128GB,12499,4.0,201.0,5.0,50.0,5000,6.58,MediaTek Helio G99,2022
911,POCO,M5s 128GB,13999,4.0,178.8,13.0,64.0,5000,6.43,MediaTek Helio G95,2022
912,POCO,F5 128GB,29999,6.0,181.0,16.0,64.0,5000,6.67,Snapdragon 7+ Gen 2,2023
913,POCO,F5 Pro 256GB,39999,8.0,204.0,20.0,64.0,5160,6.67,Snapdragon 8+ Gen 1,2023
914,POCO,X5 128GB,18999,6.0,189.0,13.0,48.0,5000,6.67,Snapdragon 695,2023
915,POCO,X5 Pro 128GB,22999,6.0,181.0,16.0,108.0,5000,6.67,Snapdragon 778G,2023
916,POCO,M6 64GB,12999,4.0,199.0,8.0,50.0,5000,6.58,MediaTek Helio G88,2023
917,POCO,M6 Pro 128GB,14999,6.0,202.0,8.0,50.0,5000,6.79,Snapdragon 4 Gen 1,2023
918,POCO,X6 128GB,21999,6.0,193.0,16.0,64.0,5000,6.67,MediaTek Dimensity 8100,2024
919,POCO,X6 Pro 256GB,24999,8.0,205.0,20.0,108.0,5000,6.67,MediaTek Dimensity 8300,2024
920,POCO,F6 128GB,34999,6.0,190.0,20.0,64.0,5000,6.67,Snapdragon 8 Gen 2,2024
921,POCO,F6 Pro 256GB,44999,8.0,210.0,20.0,108.0,5160,6.67,Snapdragon 8+ Gen 2,2024
922,POCO,C65 64GB,10999,4.0,190.0,5.0,50.0,5000,6.5,MediaTek Helio G85,2024
923,POCO,X7 128GB,22999,6.0,195.0,16.0,64.0,5000,6.67,MediaTek Dimensity 8200,2025
924,POCO,X7 Pro 256GB,27999,8.0,207.0,20.0,108.0,6000,6.67,MediaTek Dimensity 8400,2025
925,POCO,M7 5G 128GB,15999,6.0,198.0,8.0,50.0,5110,6.67,MediaTek Dimensity 7025,2024
926,Poco,Pad 5G 128GB,23999,8.0,571.0,8.0,8.0,10000,12.1,Snapdragon 7s Gen 2,2024
927,Poco,Pad 5G 256GB,25999,8.0,571.0,8.0,8.0,10000,12.1,Snapdragon 7s Gen 2,2024
928,Samsung,Galaxy Z Fold6 256GB,164999,12.0,239.0,10.0,50.0,4400,7.6,Snapdragon 8 Gen 3,2024
929,Samsung,Galaxy Z Fold6 512GB,176999,12.0,239.0,10.0,50.0,4400,7.6,Snapdragon 8 Gen 3,2024
930,Samsung,Galaxy Z Fold6 1TB,200999,12.0,239.0,10.0,50.0,4400,7.6,Snapdragon 8 Gen 3,2024
