item_id,model_name,brand,price_inr,rating,num_ratings,color,type
1,5PLUS 5PHP28 Wired without Mic Headset,5PLUS,496,3.6,101,Red,On the Ear
2,A R Wireless compatible with Headset Bluetooth SPORT ME...,A R,188,3.9,35280,Multicolor,On the Ear
3,Aerizo Wireless Touch R100 Earbuds (Black) Bluetooth He...,Aerizo,589,4.0,1934,Black,True Wireless
4,Allmusic powerful driven bass with dynamic beats powere...,Allmusic,260,4.0,15841,Multicolor,In the Ear
5,Allmusic OPP.O Ultra HD Sound Premium Bass Sports /Gym/...,Allmusic,270,3.8,10766,Black,In the Ear
6,"Allmusic Op.po F11 pro,A3s,F9 Pro,K1,A5,A7,F9,F7,A5s,F5...",Allmusic,199,3.7,85,Black,In the Ear
7,Aloof A31 Bluetooth Headset,Aloof,599,3.9,809,Green,In the Ear
8,Aloof A31 Bluetooth Headset,Aloof,599,3.9,809,Green,In the Ear
9,ALTRONICS High Bass Universal Wired Earphone Mic For V1...,ALTRONICS,299,4.0,41082,White,In the Ear
10,Ambrane NeoBuds-33 Bluetooth Headset,Ambrane,985,3.9,4849,Indigo Blue,True Wireless
11,Ambrane NeoBuds-33 Bluetooth Headset,Ambrane,987,3.9,4849,Black,True Wireless
12,Ambrane BassBand Beat Bluetooth Headset,Ambrane,759,4.2,120,Grey,In the Ear
13,Ambrane BassBand Lite Bluetooth Headset,Ambrane,788,3.9,73755,Black,In the Ear
14,Ambrane BassBand Lite Bluetooth Headset,Ambrane,788,3.8,679,Black,In the Ear
15,Ambrane BassBand Beat Bluetooth Headset,Ambrane,759,3.8,1316,Black,In the Ear
16,Ambrane NeoBuds-33 Bluetooth Headset,Ambrane,999,3.4,20,White,True Wireless
17,Ambrane NeoBuds-33 Bluetooth Headset,Ambrane,949,4.0,389,Pink,True Wireless
18,AMJ Wireless Magnet Bluetooth EarphoneSports for Runnin...,AMJ,139,4.0,3,Black,In the Ear
19,"AMJ Audio Headsets with 10mm Drivers, Sports Bluetooth ...",AMJ,369,4.4,23,Black,In the Ear
20,AMJ HBS_730Bluetooth Bluetooth Headset,AMJ,220,3.5,140,Black,In the Ear
21,AMJ Sports 9-R1 Wireless Bluetooth Bluetooth Headset,AMJ,238,4.4,20395,Yellow,In the Ear
22,AMJ Sports 9-R1 Wireless Bluetooth Bluetooth Headset,AMJ,238,3.9,10398,Yellow,In the Ear
23,APPLE MNHF2ZM/A Wired Headset,APPLE,1900,4.1,11138,White,In the Ear
24,ARHUB A1 bluetooth o for Viv_o/Hono_r/Sam_sung/IOS/Op_p...,ARHUB,225,5.0,0,Black,True Wireless
25,ARHUB A1 bluetooth o for Viv_o/Hono_r/Sam_sung/IOS/Op_p...,ARHUB,225,3.0,0,Black,True Wireless
26,Aroma NB120 Tehalka - 28 Hours Playtime Bluetooth Neckb...,Aroma,379,3.9,10398,Black,In the Ear
27,Aroma NB119B Badshah - 40 Hours Playtime Bluetooth Neck...,Aroma,459,4.0,29426,Black,In the Ear
28,Aroma NB133B Straight Wireless Earbuds Bluetooth Headse...,Aroma,699,4.2,58523,Black,True Wireless
29,Aroma NB119C Carter - 36 Hours Playtime Bluetooth Neckb...,Aroma,449,3.7,92346,Black,In the Ear
30,Aroma NB119 Titanium - 48 Hours Playtime Bluetooth Neck...,Aroma,649,3.8,631,Blue,In the Ear
31,Aroma NB120B Dhoom - 28 Hours Playtime Bluetooth Neckba...,Aroma,379,3.4,183,Black,In the Ear
32,Aroma NB120 Tehalka - 28 Hours Playtime Bluetooth Neckb...,Aroma,379,3.9,10398,Black,In the Ear
33,Aroma NB119 Titanium - 48 Hours Playtime Bluetooth Neck...,Aroma,649,4.1,14148,Black,In the Ear
34,Aroma NB119D Dream - 48 Hours Playtime Bluetooth Neckba...,Aroma,599,4.1,166582,Black,In the Ear
35,Aroma NB133B Straight Wireless Earbuds Bluetooth Headse...,Aroma,699,4.0,21398,Black,True Wireless
36,Aroma NB120B Dhoom - 28 Hours Playtime Bluetooth Neckba...,Aroma,379,4.0,9619,Black,In the Ear
37,Aroma NB120 Tehalka - 28 Hours Playtime Bluetooth Neckb...,Aroma,379,3.9,10398,Black,In the Ear
38,Aroma NB119 Pro Belief- 30 Hours Playtime Bluetooth Nec...,Aroma,439,4.0,41625,Black,In the Ear
39,Aroma NB119 Rock - 40 Hours Playtime Bluetooth Neckband...,Aroma,669,4.0,2909,Black,In the Ear
40,Aroma NB120 Tehalka - 28 Hours Playtime Bluetooth Neckb...,Aroma,379,3.9,10398,Black,In the Ear
41,Aroma NB136A Rifle Gaming Earbuds Bluetooth Gaming Head...,Aroma,854,4.0,30895,Black,True Wireless
42,Aroma NB119 Champion - 50 Hours Playtime Bluetooth Neck...,Aroma,649,4.0,0,Blue,In the Ear
43,Aroma NB120 Tehalka - 28 Hours Playtime Bluetooth Neckb...,Aroma,379,3.9,10398,Black,In the Ear
44,Aroma NB119 Diamond - 50 Hours Playtime Bluetooth Neckb...,Aroma,649,3.4,39770,Black,In the Ear
45,Aroma NB119 Metal - 40 Hours Playtime Bluetooth Neckban...,Aroma,465,4.0,206,Black,In the Ear
46,Aroma NB120 Tehalka - 28 Hours Playtime Bluetooth Neckb...,Aroma,379,3.9,10398,Black,In the Ear
47,Aroma NB119 Diamond - 50 Hours Playtime Bluetooth Neckb...,Aroma,649,4.1,866,Black,In the Ear
48,Aroma NB120B Dhoom - 28 Hours Playtime Bluetooth Neckba...,Aroma,379,4.3,114661,Black,In the Ear
49,Aroma NB133B Straight Wireless Earbuds Bluetooth Headse...,Aroma,699,5.0,0,Black,True Wireless
50,Aroma NB120 Tehalka - 28 Hours Playtime Bluetooth Neckb...,Aroma,379,3.9,10398,Black,In the Ear
51,Aroma NB119 Champion - 50 Hours Playtime Bluetooth Neck...,Aroma,649,4.1,1089,Black,In the Ear
52,Aroma NB133B Straight Wireless Earbuds Bluetooth Headse...,Aroma,699,3.5,573,Black,True Wireless
53,Aroma NB120 Tehalka - 28 Hours Playtime Bluetooth Neckb...,Aroma,379,3.9,10398,Black,In the Ear
54,Aroma NB119 Champion - 50 Hours Playtime Bluetooth Neck...,Aroma,649,4.1,1089,Black,In the Ear
55,Aroma NB120 Tehalka - 28 Hours Playtime Bluetooth Neckb...,Aroma,379,3.9,10398,Black,In the Ear
56,Aroma NB119 Platinum - 48 Hours Playtime Bluetooth Neck...,Aroma,649,4.0,2684,Black,In the Ear
57,Aroma NB133B Straight Wireless Earbuds Bluetooth Headse...,Aroma,699,3.5,24696,Black,True Wireless
58,Aroma NB120 Tehalka - 28 Hours Playtime Bluetooth Neckb...,Aroma,379,3.7,18513,Black,In the Ear
59,Aroma NB120 Tehalka - 28 Hours Playtime Bluetooth Neckb...,Aroma,379,3.5,1037,Black,In the Ear
60,Aroma NB136A Rifle Gaming Earbuds Bluetooth Gaming Head...,Aroma,799,3.7,1163,Yellow,True Wireless
61,Aroma NB120 Tehalka - 28 Hours Playtime Bluetooth Neckb...,Aroma,379,4.0,6102,Black,In the Ear
62,Aroma NB119 Bullet - 40 Hours Playtime Bluetooth Neckba...,Aroma,528,4.0,333036,Black,In the Ear
63,Aroma NB120B Dhoom - 28 Hours Playtime Bluetooth Neckba...,Aroma,379,3.9,221939,Black,In the Ear
64,Aroma NB133B Straight Wireless Earbuds Bluetooth Headse...,Aroma,699,3.7,0,Black,True Wireless
65,Aroma NB120 Tehalka - 28 Hours Playtime Bluetooth Neckb...,Aroma,379,3.9,10398,Black,In the Ear
66,Aroma NB119 Bullet - 40 Hours Playtime Bluetooth Neckba...,Aroma,528,3.8,825,Black,In the Ear
67,Aroma NB119 Freedom - 72 Hours Playtime Bluetooth Neckb...,Aroma,749,3.8,27,Black,In the Ear
68,Aroma NB119 Rock - 40 Hours Playtime Bluetooth Neckband...,Aroma,669,4.0,2909,Orange,In the Ear
69,Aroma NB120 Tehalka - 28 Hours Playtime Bluetooth Neckb...,Aroma,379,3.9,10398,Black,In the Ear
70,Aroma NB120 Tehalka - 28 Hours Playtime Bluetooth Neckb...,Aroma,379,4.2,5,Black,In the Ear
71,Aroma NB120 Tehalka - 28 Hours Playtime Bluetooth Neckb...,Aroma,379,3.9,10398,Black,In the Ear
72,Aroma NB133B Straight Wireless Earbuds Bluetooth Headse...,Aroma,699,3.5,0,Black,True Wireless
73,Aroma NB120 Tehalka - 28 Hours Playtime Bluetooth Neckb...,Aroma,379,3.5,2169,Black,In the Ear
74,Aroma NB134C Gun Gaming Earbuds Bluetooth Gaming Headse...,Aroma,949,3.3,18,Black,True Wireless
75,Aroma NB120 Tehalka - 28 Hours Playtime Bluetooth Neckb...,Aroma,379,3.7,670,Black,In the Ear
76,Aroma NB133B Straight Wireless Earbuds Bluetooth Headse...,Aroma,699,3.3,4027,Black,True Wireless
77,Aroma NB120 Tehalka - 28 Hours Playtime Bluetooth Neckb...,Aroma,379,4.3,14,Black,In the Ear
78,Aroma NB133B Straight Wireless Earbuds Bluetooth Headse...,Aroma,699,3.7,0,Black,True Wireless
79,Aroma NB120 Tehalka - 28 Hours Playtime Bluetooth Neckb...,Aroma,379,3.9,10398,Black,In the Ear
80,Aroma NB134C Gun Gaming Earbuds Bluetooth Gaming Headse...,Aroma,949,3.3,18,Black,True Wireless
81,Aroma NB133B Straight Wireless Earbuds Bluetooth Headse...,Aroma,699,1.0,0,Black,True Wireless
82,Aroma NB120 Tehalka - 28 Hours Playtime Bluetooth Neckb...,Aroma,379,3.8,34,Black,In the Ear
83,Aroma NB133B Straight Wireless Earbuds Bluetooth Headse...,Aroma,699,3.8,0,Black,True Wireless
84,"ASWORLD EARPHONES Wired, Bluetooth Headset",ASWORLD,499,4.0,29660,White,In the Ear
85,Attrrix Wireless Earphones Bluetooth 5.0 Bluetooth Head...,Attrrix,699,3.8,25,Black,True Wireless
86,"AUDONIC Earphones with mic for A3s,A5s,A7,A37,A57,A71,A...",AUDONIC,268,3.6,1238,White,In the Ear
87,Avlokan Air Tune (Buds) True Wireless Bluetooth Headset...,Avlokan,426,4.0,93468,Black,True Wireless
88,Avlokan Air Tune (Buds) True Wireless Bluetooth Headset...,Avlokan,426,3.5,557,Assorted,True Wireless
89,AXYRO SN-K1 356 Bluetooth Headset,AXYRO,152,3.8,999,Black,In the Ear
90,AXYRO AR-7-SINGLE-WHITE-210 Bluetooth Headset,AXYRO,167,3.9,221939,Steel,On the Ear
91,AXYRO AR-7-SINGLE-WHITE-210 Bluetooth Headset,AXYRO,167,3.3,716,Steel,On the Ear
92,"AXYRO Low Price ,HBS-730 sports Wireless Bluetooth Head...",AXYRO,303,3.8,665,Multicolor,On the Ear
93,Benco Air1 TWS Gaming Earbuds with 12mm driver 60ms Lat...,Benco,999,3.9,10398,Black,True Wireless
94,Bhanu i7S Twins Earbuds Headphone with Charging box Min...,Bhanu,449,4.0,63970,White,True Wireless
95,Bhanu 100% Party Sound Powerfull Dynamic Drivers for Ef...,Bhanu,299,3.6,148,Black,In the Ear
96,Bhanu Hurry Best Deal High Level Party Sound &Bass in B...,Bhanu,299,1.0,0,Blue,In the Ear
97,Blaupunkt EM01 Wired Headset,Blaupunkt,349,4.2,33645,Black,In the Ear
98,Blaupunkt BTW25F GR Bluetooth Headset,Blaupunkt,1999,3.9,10398,Green,True Wireless
99,blue seed BBD-S19 Wireless Earbuds 5.0 Headsets Dual Ea...,blue,662,3.6,45,Black,True Wireless
100,blue seed BBD-S19 Wireless Earbuds 5.0 Headsets Dual Ea...,blue,662,3.6,45,Black,True Wireless
101,blue seed BBD-S19 9d holographic Sound Bluetooth Headse...,blue,662,3.2,52,Multicolor,True Wireless
102,BLYTHE KAJU Bluetooth Mini Earphone Bluetooth Headset,BLYTHE,179,3.7,1163,Black,True Wireless
103,boAt Bassheads 103 Black Wired Headset,boAt,349,4.2,1299042,Black,In the Ear
104,boAt Rockerz 235v2 with ASAP charging Version 5.0 Bluet...,boAt,999,3.4,48161,Black,In the Ear
105,boAt Airdopes 131 Bluetooth Headset,boAt,1099,4.2,1299042,Active Black,True Wireless
106,boAt Rockerz 235v2 with ASAP charging Version 5.0 Bluet...,boAt,999,4.3,437395,Blue,In the Ear
107,boAt Airdopes 131 Bluetooth Headset,boAt,1099,3.4,12140,Midnight Blue,True Wireless
108,boAt Rockerz 255F Bluetooth Headset,boAt,1099,4.3,90,Active Black,In the Ear
109,boAt Rockerz 333 Upto 30 Hours Battery Bluetooth Headse...,boAt,1499,4.1,56420,Active Black,In the Ear
110,boAt Bassheads 100 Wired Headset,boAt,399,4.3,535144,Black,In the Ear
111,boAt Rockerz 255F Pro with ASAP Charge and upto 10 Hour...,boAt,1149,3.9,18893,Active Black,In the Ear
112,boAt Airdopes 131 Bluetooth Headset,boAt,1099,4.0,625672,Cherry Blossom,True Wireless
113,boAt Rockerz 255F Pro+ Bluetooth Headset,boAt,1169,4.2,219374,Active Black,In the Ear
114,boAt Rockerz 235v2 with ASAP charging Version 5.0 Bluet...,boAt,999,4.1,5803,Red,In the Ear
115,boAt Rockerz 333 Upto 30 Hours Battery Bluetooth Headse...,boAt,1499,4.0,93468,Navy Blue,In the Ear
116,boAt BassHeads 220 Wired Headset,boAt,404,4.2,824592,Red,In the Ear
117,boAt Rockerz 333 Pro with 60 Hours Battery Bluetooth He...,boAt,1799,4.3,1752,Navy Blue,In the Ear
118,boAt Rockerz 450 with Upto 15 Hours Playback Bluetooth ...,boAt,1299,4.3,291076,Luscious Black,On the Ear
119,boAt Rockerz 450 with Upto 15 Hours Playback Bluetooth ...,boAt,1299,4.3,291076,Hazel Beige,On the Ear
120,boAt BassHeads 100 Wired Headset,boAt,399,4.3,1049774,Furious Red,In the Ear
121,boAt Rockerz 255F Pro with Fast Charging Bluetooth Head...,boAt,1149,4.2,229212,Navy Blue,In the Ear
122,boAt BassHeads 220 Super Extra Bass Wired Headset,boAt,399,4.2,824592,Neon Lime,In the Ear
123,boAt Rockerz 235v2 Bluetooth Headset,boAt,999,4.2,1299042,Black,In the Ear
124,boAt Rockerz 255F Pro with Fast Charging Bluetooth Head...,boAt,1149,4.2,229212,Blazing Yellow,In the Ear
125,boAt BassHeads 100 Wired Headset,boAt,399,4.3,1049774,Taffy Pink,In the Ear
126,boAt Rockerz 255F Pro with Fast Charging Bluetooth Head...,boAt,1149,3.8,60,Raging Red,In the Ear
127,boAt BassHeads 172 Wired Headset,boAt,499,4.0,25305,Jazzy Blue,In the Ear
128,boAt BassHeads 100 Wired Headset,boAt,399,3.7,6288,White,In the Ear
129,boAt Airdopes 402 Bluetooth Headset,boAt,1599,3.9,202799,Bold Blue,True Wireless
130,boAt Bassheads 242 Wired Headset,boAt,549,4.3,405112,Blue,In the Ear
131,boAt Rockerz 510 Super Extra Bass Bluetooth Headset,boAt,1399,4.4,151981,Furious blue,On the Ear
132,boAt Rockerz 255F Pro/ Rockerz 255 Pro Bluetooth Headse...,boAt,1149,3.9,239,Active Black Indi,In the Ear
133,boAt BassHeads 900 Super Extra Bass Wired Headset,boAt,699,4.4,238169,Pearl White,On the Ear
134,boAt Bassheads 104 Wired Headset,boAt,399,4.3,291076,White,In the Ear
135,boAt Rockerz 450 with Upto 15 Hours Playback Bluetooth ...,boAt,1499,3.0,6,Aqua Blue,On the Ear
136,boAt BassHeads 172 Wired Headset,boAt,499,5.0,0,Raging Red,In the Ear
137,boAt Rockerz 450 with Upto 15 Hours Playback Bluetooth ...,boAt,1499,4.3,291076,Aqua Blue,On the Ear
138,boAt Bassheads 104 Wired Headset,boAt,399,4.2,25388,White,In the Ear
139,boAt BassHeads 172 Wired Headset,boAt,499,3.9,35280,Raging Red,In the Ear
140,boAt Airdopes 431 Bluetooth Headset,boAt,1999,3.9,10274,Sporty Blue,In the Ear
141,boAt Rockerz 400 Bluetooth Headset,boAt,1299,4.3,310831,Black,On the Ear
142,boAt BassHeads 182 Wired Headset,boAt,499,4.3,114916,Jazzy Blue,In the Ear
143,boAt Bassheads 100 Wired Headset,boAt,399,4.3,1049774,Mint Orange,In the Ear
144,boAt Airdopes 381 with ASAP charge Bluetooth Headset,boAt,1799,3.9,221939,Mint Purple,True Wireless
145,boAt BassHeads 182 Wired Headset,boAt,499,4.3,36720,Raging Red,In the Ear
146,boAt Rockerz 370 Bluetooth Headset,boAt,999,4.2,40041,Gregarious Green,On the Ear
147,boAt Airdopes 381 with ASAP charge Bluetooth Headset,boAt,1799,4.1,1712,Spirit Lime,True Wireless
148,boAt Bassheads 242 Wired Headset,boAt,404,3.5,24696,Active Black,In the Ear
149,boAt Bassheads 100 Wired Headset,boAt,399,4.3,1049774,Courageous Orange,In the Ear
150,boAt Airdopes 381 with ASAP charge Bluetooth Headset,boAt,1799,3.9,221939,Spirit Lime,True Wireless
151,boAt Bassheads 242 Wired Headset,boAt,404,3.7,117,Active Black,In the Ear
152,boAt Bassheads 100 Wired Headset,boAt,399,3.6,113,Courageous Orange,In the Ear
153,boAt Rockerz 450 Pro with Upto 70 Hours Playback Blueto...,boAt,1999,4.0,1431,Aqua Blue,On the Ear
154,boAt Airdopes 381 with ASAP charge Bluetooth Headset,boAt,1799,3.9,13327,Army Green,True Wireless
155,boAt Airdopes 381 with ASAP charge Bluetooth Headset,boAt,1799,4.0,2834,Mint Green,True Wireless
156,boAt Airdopes 491 True Wireless Bluetooth Headset,boAt,2999,4.2,25388,Spirit Lime,True Wireless
157,boAt Bassheads 104 Wired Headset,boAt,399,4.1,5047,Admiral,In the Ear
158,boAt Airdopes 381 with ASAP charge Bluetooth Headset,boAt,1799,3.9,35280,Mint Green,True Wireless
159,boAt Bassheads 220 Wired Headset,boAt,549,3.7,6288,Molten Orange,In the Ear
160,boAt Rockerz 400 Bluetooth Headset,boAt,1299,3.4,176,Grey,On the Ear
161,boAt Rockerz 355 BBD Edition Bluetooth Headset,boAt,2499,3.5,524,Active Black,In the Ear
162,boAt Rockerz 400 Super Extra Bass Bluetooth Headset,boAt,1299,1.0,0,Black,On the Ear
163,boAt Immortal IM1300 Bluetooth Gaming Headset,boAt,3499,3.7,1602,White Sabre,On the Ear
164,boAt Rockerz 400 Bluetooth Headset,boAt,1499,4.3,310831,Carbon Black,On the Ear
165,boAt Rockerz 305v2 Bluetooth Headset,boAt,1599,4.3,7171,Active Black,In the Ear
166,Borneo HBS-730 Sports Headphone Wireless BT Earphone fo...,Borneo,247,3.7,54,Black,In the Ear
167,"Borneo Opp.o Premium Ultra HD Sound sports,|Gym|Running...",Borneo,241,3.7,19,Black,In the Ear
168,Boult Audio ProBass Curve Neckband Bluetooth Headset,Boult,799,4.0,333036,Black,In the Ear
169,Boult Audio AirBass Xpods TWS Earbuds with 20H Playtime...,Boult,1299,4.0,625672,Black,True Wireless
170,Boult Audio AirBass Combuds Bluetooth Headset,Boult,1299,3.9,43126,White,True Wireless
171,Boult Audio ProBass Curve Neckband Bluetooth Headset,Boult,999,4.0,333036,Grey,In the Ear
172,Boult Audio ProBass Curve Neckband Bluetooth Headset,Boult,799,4.0,333036,Black,In the Ear
173,Boult Audio Bassbuds X1 Wired Headset,Boult,349,3.9,35280,Black,In the Ear
174,Boult Audio AirBass Xpods TWS Earbuds with 20H Playtime...,Boult,1299,3.7,6288,Black,True Wireless
175,Boult Audio ProBass Curve Neckband Bluetooth Headset,Boult,809,3.3,1842,Black,In the Ear
176,Boult Audio AirBass Combuds Bluetooth Headset,Boult,1299,3.9,217931,White,True Wireless
177,Boult Audio ProBass Curve Neckband Bluetooth Headset,Boult,999,4.0,333036,Grey,In the Ear
178,Boult Audio AirBass Xpods TWS Earbuds with 20H Playtime...,Boult,1299,3.9,35280,Black,True Wireless
179,Boult Audio FluidX Bluetooth Headset,Boult,1199,4.1,3030,Black,On the Ear
180,Boult Audio ProBass Curve Neckband Bluetooth Headset,Boult,999,4.0,333036,Grey,In the Ear
181,Boult Audio AirBass Xpods TWS Earbuds with 20H Playtime...,Boult,1299,3.4,367,Black,True Wireless
182,Boult Audio Pro Bass Curve Pro Bluetooth Headset,Boult,1099,3.3,1842,Grey,In the Ear
183,Boult Audio ProBass Escape Bluetooth Headset,Boult,899,3.9,13427,Black,In the Ear
184,Boult Audio AirBass Xpods TWS Earbuds with 20H Playtime...,Boult,1299,3.9,35280,Blue,True Wireless
185,Boult Audio ProBass Curve Neckband Bluetooth Headset,Boult,999,4.0,333036,Grey,In the Ear
186,Boult Audio AirBass Monopod Bluetooth Headset,Boult,580,3.8,75014,Black,True Wireless
187,Boult Audio AirBass Xpods TWS Earbuds with 20H Playtime...,Boult,1299,3.9,35280,Black,True Wireless
188,Boult Audio Bass Bud Q2 Wired Headset,Boult,590,4.1,18050,Black,On the Ear
189,Boult Audio Thunder Bluetooth Headset,Boult,1199,4.2,0,Black,On the Ear
190,Boult Audio ProBass Curve Neckband Bluetooth Headset,Boult,799,4.0,333036,Black,In the Ear
191,Boult Audio ProBass Curve Neckband Bluetooth Headset,Boult,999,4.0,333036,Grey,In the Ear
192,Boult Audio AirBass Xpods TWS Earbuds with 20H Playtime...,Boult,1299,3.8,449,Black,True Wireless
193,Boult Audio ProBass Curve Neckband Bluetooth Headset,Boult,999,4.0,333036,Grey,In the Ear
194,Boult Audio AirBass Xpods TWS Earbuds with 20H Playtime...,Boult,1299,3.1,228,Black,True Wireless
195,Boult Audio FluidX Bluetooth Headset,Boult,1199,4.2,245914,Black,On the Ear
196,Boult Audio ProBass Curve Neckband Bluetooth Headset,Boult,999,4.0,333036,Grey,In the Ear
197,Boult Audio AirBass FreePods Pro Bluetooth Headset,Boult,1499,3.3,10300,Black,True Wireless
198,Boult Audio AirBass Xpods TWS Earbuds with 20H Playtime...,Boult,1299,3.9,22,Black,True Wireless
199,Boult Audio AirBass FreePods Pro Bluetooth Headset,Boult,1499,3.3,10300,Black,True Wireless
200,Boult Audio ProBass Curve Neckband Bluetooth Headset,Boult,799,4.0,333036,Black,In the Ear
201,Boult Audio ProBass Curve Neckband Bluetooth Headset,Boult,999,4.0,333036,Grey,In the Ear
202,Boult Audio AirBass Xpods TWS Earbuds with 20H Playtime...,Boult,1299,4.2,7050,Black,True Wireless
203,Boult Audio AirBass Combuds Bluetooth Headset,Boult,1299,3.4,0,White,True Wireless
204,Boult Audio ProBass Curve Neckband Bluetooth Headset,Boult,999,3.6,773,Grey,In the Ear
205,Boult Audio AirBass GearPods with 32H Playtime Bluetoot...,Boult,1499,3.3,1842,Blue,True Wireless
206,Boult Audio AirBass Xpods TWS Earbuds with 20H Playtime...,Boult,1299,4.2,14154,Black,True Wireless
207,Boult Audio AirBass ENCore with Environmental Noise Can...,Boult,1999,3.5,31507,Black,True Wireless
208,Boult Audio ProBass Curve Neckband Bluetooth Headset,Boult,999,3.7,3,Grey,In the Ear
209,Boult Audio AirBass Xpods TWS Earbuds with 20H Playtime...,Boult,1299,4.2,72556,Black,True Wireless
210,Boult Audio ProBass Curve Neckband Bluetooth Headset,Boult,799,4.0,1193,Black,In the Ear
211,Boult Audio ProBass Curve Neckband Bluetooth Headset,Boult,999,4.1,404,Grey,In the Ear
212,Boult Audio AirBass Xpods TWS Earbuds with 20H Playtime...,Boult,1299,3.5,573,Black,True Wireless
213,Boult Audio ProBass Curve Neckband Bluetooth Headset,Boult,999,4.0,333036,Grey,In the Ear
214,Boult Audio AirBass Xpods TWS Earbuds with 20H Playtime...,Boult,1299,4.2,824592,Black,True Wireless
215,Boult Audio FluidX Bluetooth Headset,Boult,1199,5.0,0,Black,On the Ear
216,Boult Audio AirBass SoulPods Bluetooth Headset,Boult,2499,3.3,0,White,True Wireless
217,Boult Audio FluidX Bluetooth Headset,Boult,1199,1.0,0,Black,On the Ear
218,Boult Audio Bassbuds X1 Wired Headset,Boult,299,4.1,166582,Red,In the Ear
219,Boult Audio ProBass Curve Neckband Bluetooth Headset,Boult,999,4.0,1143,Grey,In the Ear
220,Boult Audio AirBass Xpods TWS Earbuds with 20H Playtime...,Boult,1299,3.4,0,Black,True Wireless
221,Boult Audio ProBass Curve Neckband Bluetooth Headset,Boult,999,4.6,28,Grey,In the Ear
222,Boult Audio AirBass Xpods TWS Earbuds with 20H Playtime...,Boult,1299,3.7,6288,Black,True Wireless
223,Boult Audio Bassbuds X1 Wired Headset,Boult,299,4.0,0,Red,In the Ear
224,Boult Audio ProBass Curve Neckband Bluetooth Headset,Boult,799,4.0,333036,Black,In the Ear
225,Boult Audio ProBass Curve Neckband Bluetooth Headset,Boult,999,3.6,6222,Grey,In the Ear
226,Boult Audio AirBass Xpods TWS Earbuds with 20H Playtime...,Boult,1299,3.9,34,Black,True Wireless
227,Boult Audio ProBass Curve Neckband Bluetooth Headset,Boult,999,3.9,1204,Grey,In the Ear
228,Boult Audio AirBass Xpods TWS Earbuds with 20H Playtime...,Boult,1299,3.7,10787,Black,True Wireless
229,Boult Audio ProBass Curve Neckband Bluetooth Headset,Boult,799,3.6,558,Black,In the Ear
230,Boult Audio ProBass Curve Neckband Bluetooth Headset,Boult,999,3.0,4,Grey,In the Ear
231,Boult Audio Bass Buds StormX Wired Headset,Boult,299,4.8,5,Red,In the Ear
232,Boult Audio AirBass Xpods TWS Earbuds with 20H Playtime...,Boult,1299,3.7,3,Black,True Wireless
233,Boult Audio ProBass Curve Neckband Bluetooth Headset,Boult,799,4.0,1431,Black,In the Ear
234,Boult Audio ProBass Curve Neckband Bluetooth Headset,Boult,999,4.0,2834,Grey,In the Ear
235,Boult Audio AirBass Xpods TWS Earbuds with 20H Playtime...,Boult,1299,5.0,0,Black,True Wireless
236,Boult Audio ProBass Curve Neckband Bluetooth Headset,Boult,799,4.0,333036,Black,In the Ear
237,Boult Audio ProBass Curve Neckband Bluetooth Headset,Boult,999,3.3,34,Grey,In the Ear
238,Boult Audio AirBass Xpods TWS Earbuds with 20H Playtime...,Boult,1299,3.4,1014,Black,True Wireless
239,Boult Audio ProBass Curve Neckband Bluetooth Headset,Boult,799,4.0,333036,Black,In the Ear
240,Boult Audio ProBass Curve Neckband Bluetooth Headset,Boult,999,3.6,165,Grey,In the Ear
241,Boult Audio AirBass Xpods TWS Earbuds with 20H Playtime...,Boult,1299,4.0,0,Black,True Wireless
242,BRD BLUETOOTHHEADSET-A25 Bluetooth Headset,BRD,260,3.7,92346,White,True Wireless
243,BRD BLUETOOTHHEADSET-A37 Bluetooth Headset,BRD,240,3.7,23,Black,On the Ear
244,BRD BLUETOOTHHEADSET-A33 Bluetooth Headset,BRD,260,3.5,1269,White,True Wireless
245,BRD BLUETOOTHHEADSET-A26 Bluetooth Headset,BRD,260,3.7,185,White,True Wireless
246,BRD BLUETOOTHHEADSET-A29 Bluetooth Headset,BRD,199,3.6,980,White,True Wireless
247,BRD BLUETOOTHHEADSET-A32 Bluetooth Headset,BRD,199,3.7,302,White,True Wireless
248,BRD BLUETOOTHHEADSET-A32 Bluetooth Headset,BRD,199,3.5,573,White,True Wireless
249,BRD BLUETOOTHHEADSET-A8 Bluetooth Headset,BRD,220,3.4,142,Black,True Wireless
250,BRD BLUETOOTHHEADSET-A17 Bluetooth Headset,BRD,170,3.7,3672,White,True Wireless
251,BRD BLUETOOTHHEADSET-B2 Bluetooth Headset,BRD,174,3.7,6288,Black,True Wireless
252,CADNUT HBS 730 Wireless Neckband Bluetooth Earphone Blu...,CADNUT,238,4.1,1089,Black,True Wireless
253,CADNUT Wireless Earphone G with Portable Charging Case ...,CADNUT,474,3.6,1318,Blue,True Wireless
254,CADNUT OP-3 Bluetooth Headset,CADNUT,369,3.2,9,Black,On the Ear
255,"CADNUT NEWLY BUDS WIRELESS BLUETOOTH EARBUDS ,PORTABLE ...",CADNUT,465,3.4,780,Yellow,True Wireless
256,"CADNUT NEWLY BUDS WIRELESS BLUETOOTH EARBUDS ,PORTABLE ...",CADNUT,465,3.4,773,Yellow,True Wireless
257,CADNUT galA115 Bluetooth Headset,CADNUT,345,3.2,23,White,True Wireless
258,CADNUT Super Extra Bass On-Ear Wired Headphone In-line ...,CADNUT,235,4.2,55,Blue,On the Ear
259,Callmate AirBolt Pro (TWS Buds) With Bass Earbuds | IPX...,Callmate,999,3.6,745,Silver,True Wireless
260,Callmate AirBolt Pro (TWS Buds) With Bass Earbuds | IPX...,Callmate,999,3.8,631,Silver,True Wireless
261,Callmate CollarTune (35 hours Backup) Wireless Neckband...,Callmate,660,4.1,3030,Gold,In the Ear
262,Callmate Single Ear Headset with 20 Hours Backup Blueto...,Callmate,529,3.9,304,Blue,On the Ear
263,Callmate Flex Curve (80 Hours Backup) Wireless Neckband...,Callmate,745,4.2,47,Gold,In the Ear
264,Casa Tech Super i7S Twins Wireless Bluetooth Earbud Ear...,Casa,349,3.4,697,White,True Wireless
265,Casa Tech Wired Extra Bass On-Ear Headphones Wired Head...,Casa,239,3.8,9600,Blue,On the Ear
266,Casa Tech Wired Extra Bass On-Ear Headphones Wired Head...,Casa,239,3.6,464,Blue,On the Ear
267,Casa Tech Portable Wireless Bluetooth Earphones For All...,Casa,349,4.0,3,White,True Wireless
268,Casa Tech True Wireless Chargeable Earbud Bluetooth Hea...,Casa,349,4.4,7,White,True Wireless
269,CASADOMANI Sport Stereo Earbud Wireless with Mic Mini B...,CASADOMANI,359,4.0,50,White,True Wireless
270,CASADOMANI Dual Twins Wireless Earbuds with Mic Mini Bl...,CASADOMANI,349,4.3,0,White,True Wireless
271,CASADOMANI Dual Twins Wireless Earbuds with Mic Mini Bl...,CASADOMANI,349,3.7,54,White,True Wireless
272,CatBull In-ear Bluetooth Headset,CatBull,130,3.6,1904,Black,True Wireless
273,CatBull Truewireless Headphone Bluetooth Headset Blueto...,CatBull,135,3.8,247,Black,In the Ear
274,CatBull Wireless Sports Bluetooth Magnet Earphone Hands...,CatBull,132,3.7,6288,Red,In the Ear
275,CatBull In-ear Bluetooth Headsets Bluetooth Headset,CatBull,130,3.7,6288,Black,In the Ear
276,CatBull In-ear Bluetooth Headsets Bluetooth Headset,CatBull,130,3.6,1318,Black,In the Ear
277,CatBull wireless neckband bluetooth Bluetooth Headset B...,CatBull,233,5.0,0,Black,In the Ear
278,CatBull Buds Wireless With 24 Hours Music Playback Blue...,CatBull,233,2.3,3,Black,In the Ear
279,"CatBull Kaju Bluetooth earpiece, Mini S530 Bluetooth He...",CatBull,127,3.6,89,Black,True Wireless
280,CatBull S530 Hands-Free earphone for All Smartphone Blu...,CatBull,138,4.3,4,Black,True Wireless
281,CatBull MAGNETIC_BT In-ear Bluetooth Headsets Bluetooth...,CatBull,132,3.9,246,Black,In the Ear
282,CatBull MAGNETIC_BT In-ear Bluetooth Headsets Bluetooth...,CatBull,132,3.7,10787,Black,In the Ear
283,CLAW SM50 Professional Wired Headset,CLAW,1890,3.3,38,Black,On the Ear
284,Clerby TWS Wireless Bluetooth Earphone Portable Bluetoo...,Clerby,299,3.3,320,White,In the Ear
285,Clerby TWS Wireless Bluetooth Earphone Portable Bluetoo...,Clerby,299,3.3,320,White,In the Ear
286,Clownfish HEADPHONE BLUETOOTH I12 TWS EARBUD TRUE WIREL...,Clownfish,489,4.0,853,White,True Wireless
287,Clownfish HEADPHONE BLUETOOTH I12 TWS EARBUD TRUE WIREL...,Clownfish,489,4.1,221,White,True Wireless
288,Clownfish HEADPHON BLUETOOTH WIRELESS I-12 BLACK IN THE...,Clownfish,469,3.6,8279,Black,True Wireless
289,Clownfish HEADPHON BLUETOOTH WIRELESS I-12 BLACK IN THE...,Clownfish,469,3.8,155,Black,True Wireless
290,Cosmic Byte Stardust Wired Gaming Headset,Cosmic,799,4.2,10071,Red,On the Ear
291,Cosmic Byte GS430 Wired Gaming Headset,Cosmic,929,3.9,35280,Red,On the Ear
292,Cosmic Byte Stardust Wired Gaming Headset,Cosmic,799,3.9,13327,Blue,On the Ear
293,Cosmic Byte Stardust Wired Gaming Headset,Cosmic,799,4.2,10071,Blue,On the Ear
294,Cosmic Byte GS430 Wired Gaming Headset,Cosmic,929,3.9,22,Red,On the Ear
295,Cosmic Byte GS430 Wired Gaming Headset,Cosmic,929,3.6,101,Green,On the Ear
296,Cosmic Byte H11 Gaming Wired Gaming Headset,Cosmic,895,4.2,3533,Purple,On the Ear
297,Cosmic Byte Uranus RGB LED Wired Gaming Headset,Cosmic,1554,4.0,389,Black,On the Ear
298,Cosmic Byte H1 Wired Gaming Headset,Cosmic,882,4.3,15,Blue,On the Ear
299,Cosmic Byte Uranus RGB LED Wired Gaming Headset,Cosmic,1548,3.5,881,Black,On the Ear
300,Cosmic Byte H1 Wired Gaming Headset,Cosmic,882,3.8,0,Blue,On the Ear
301,Crezor air_pods pro headphone buds Bluetooth Headset Bl...,Crezor,749,3.6,97,White,True Wireless
302,Crezor air_pods pro headphone buds Bluetooth Headset Bl...,Crezor,749,3.2,232,White,True Wireless
303,CrossBuzz PLUS1BULLET WIRELESS 3 NECKBAND BLUETOOTH BAS...,CrossBuzz,499,5.0,0,Black,In the Ear
304,Crystal Digital HBS-730 Bluetooth Headset Easy To Carry...,Crystal,475,4.0,333036,Black,In the Ear
305,Czech Sports Stereo Headphones Bluetooth Headset,Czech,260,3.9,18893,Black,True Wireless
306,Czech Deep Bass earphone Mobile Headset with Mic.... Bl...,Czech,218,4.0,1032,Black,In the Ear
307,Czech Wireless/bluetooth Headset Bluetooth Headset,Czech,240,3.5,172,Multicolor,In the Ear
308,DAYNEO TwsL21 Mini Wireless Bluetooth Headset / Earphon...,DAYNEO,664,3.7,1762,Black,True Wireless
309,DAYNEO TWS- I 21 - Bluetooth Headset,DAYNEO,657,3.8,9600,Black,True Wireless
310,DEFY CrestX with 16 Hours Playtime and Low Latency Blue...,DEFY,699,4.2,229212,Electric Blue,In the Ear
311,DEFY CrestX with 16 Hours Playtime and Low Latency Blue...,DEFY,699,4.4,528,Active Black,In the Ear
312,DEFY CrestX with 16 Hours Playtime and Low Latency Blue...,DEFY,699,4.4,528,Lively Green,In the Ear
313,DELMOHUT Hp17 mini mineckband in-Ear headphone with mic...,DELMOHUT,277,4.0,2834,Black,In the Ear
314,DettoZap i12s Bluetooth Wireless Headphone with Mic and...,DettoZap,449,3.8,801,White,True Wireless
315,DettoZap Bluetooth i12s Wireless Earphone with Mic and ...,DettoZap,489,3.8,355,Shining White,True Wireless
316,DigiClues Smart TWS with Charging Case & Power Bank HD ...,DigiClues,1299,3.8,14,Black,True Wireless
317,DigiClues Smart TWS with Charging Case & Power Bank HD ...,DigiClues,1299,3.0,6,Black,True Wireless
318,DigiClues Smart HD Sound Earphone with Charging Case Bl...,DigiClues,649,3.8,801,White,True Wireless
319,DigiClues Smart With Charging Case Bluetooth Headset,DigiClues,649,3.3,1842,White,True Wireless
320,DigiClues Tune-200 Wireless Neckband with Mic HD Sound ...,DigiClues,699,4.3,1049774,Black,True Wireless
321,DigiClues PRO 5.0 Bluetooth Headset,DigiClues,549,3.4,84,Black,In the Ear
322,DigiClues B-235 Wireless Neckband with Mic Powerful Ste...,DigiClues,699,3.8,1212,Black,True Wireless
323,DigiClues Extra Bass Live 200 Bluetooth Headset,DigiClues,599,3.6,1093,Black,True Wireless
324,DigiClues Gaming TWS With Charging Case Stereo Sound Qu...,DigiClues,1799,3.8,1676,Black,True Wireless
325,DigiClues High Quality Bluetooth Headset,DigiClues,999,4.1,0,Black,True Wireless
326,DigiClues Smart TWS L-21 With Charging Case Bluetooth H...,DigiClues,999,4.0,1934,Black,True Wireless
327,DigiClues T-2 TWS With Charging Case & Power-Bank HQ So...,DigiClues,1299,3.5,761,Black,True Wireless
328,DigiClues Upto 8 Hrs Playtime With Mic Bluetooth Headse...,DigiClues,649,3.7,0,Black,True Wireless
329,DigiClues S109 Single Wireless 18 Hours of Calling with...,DigiClues,599,3.4,120,Black,True Wireless
330,DigiClues Bass-Dops Bluetooth Headset,DigiClues,999,3.3,85,Black,True Wireless
331,DigiClues Smart TWS Buds-Max With Charging Case HD Soun...,DigiClues,1499,5.0,0,Black,True Wireless
332,DigiClues Up to 15 Hrs. Playtime With Mic Bluetooth Hea...,DigiClues,649,4.0,333036,Black,True Wireless
333,DIZO by realme TechLife Buds Z Bluetooth Headset,DIZO,1599,4.3,11557,Onyx,True Wireless
334,DIZO by realme TechLife GoPods D with Enviornment Noise...,DIZO,999,4.0,30895,Black,True Wireless
335,DIZO by realme TechLife GoPods D with Enviornment Noise...,DIZO,999,4.0,2834,White,True Wireless
336,DIZO by realme TechLife Wireless Bluetooth Headset,DIZO,999,4.6,14,Green,In the Ear
337,drums GAMING BASS BUDS 11 Bluetooth Headset,drums,1079,4.0,4,Black,True Wireless
338,drums TWS WIRELESS 015 Bluetooth Headset,drums,899,1.0,0,Black,True Wireless
339,drums PRO 35 Bluetooth Headset,drums,899,4.3,15,Black,True Wireless
340,Earboss Truly Wireless Earbuds/pod/ buds 5.0 Bluetooth ...,Earboss,664,3.4,482,Black,True Wireless
341,Earboss Truly Wireless Earbuds/pod/ buds 5.0 Bluetooth ...,Earboss,664,4.0,6102,Black,True Wireless
342,EKSA E900 Pro Wired Gaming Headset,EKSA,3229,3.6,28,Black,On the Ear
343,electmart Original Earphone Deep Bass on mobile Wired H...,electmart,223,3.7,31,White,In the Ear
344,Enacfire E60 Bullets Wireless Z Bass Edition Neckband h...,Enacfire,599,4.3,437106,Reverb black,In the Ear
345,Enacfire E60 Bullets Wireless Z Bass Edition Neckband h...,Enacfire,599,3.7,10419,Reverb black,In the Ear
346,Enacfire E60 Bullets Wireless Z Bass Edition Neckband h...,Enacfire,599,4.4,528,Reverb black,In the Ear
347,Enacfire E60 Bullets Wireless Z Bass Edition Neckband h...,Enacfire,599,3.6,11358,Bass Blue,In the Ear
348,Enacfire E60 Bullets Wireless Z Bass Edition Neckband h...,Enacfire,599,4.0,853,Reverb black,In the Ear
349,Enacfire E60 Bullets Wireless Z Bass Edition Neckband h...,Enacfire,599,3.4,565,Reverb black,In the Ear
350,Enacfire E60 Bullets Wireless Z Bass Edition Neckband h...,Enacfire,599,3.2,229,Reverb black,In the Ear
351,Enacfire E60 Bullets Wireless Z Bass Edition Neckband h...,Enacfire,599,3.8,133,Reverb black,In the Ear
352,Enacfire E60 Bullets Wireless Z Bass Edition Neckband h...,Enacfire,599,3.9,55,Reverb black,In the Ear
353,Enacfire E60 Bullets Wireless Z Bass Edition Neckband h...,Enacfire,599,4.0,6245,Reverb black,In the Ear
354,Enacfire E60 Bullets Wireless Z Bass Edition Neckband h...,Enacfire,599,3.8,48825,Reverb black,In the Ear
355,Enacfire X12 Moonwalk TWS in ear Bluetooth Earbuds Head...,Enacfire,799,3.5,182,Black,True Wireless
356,Enacfire E60 Bullets Wireless Z Bass Edition Neckband h...,Enacfire,599,4.0,2834,Reverb black,In the Ear
357,Enacfire E60 Bullets Wireless Z Bass Edition Neckband h...,Enacfire,599,4.0,2834,Reverb black,In the Ear
358,Enacfire E60 Bullets Wireless Z Bass Edition Neckband h...,Enacfire,599,3.3,1842,Reverb black,In the Ear
359,Enacfire E60 Bullets Wireless Z Bass Edition Neckband h...,Enacfire,599,3.4,1014,black,In the Ear
360,Enacfire E60 Bullets Wireless Z Bass Edition Neckband h...,Enacfire,599,3.9,1724,Reverb black,In the Ear
361,Enacfire E60 Bullets Wireless Z Bass Edition Neckband h...,Enacfire,599,3.3,1842,Reverb black,In the Ear
362,Enacfire E60 Bullets Wireless Z Bass Edition Neckband h...,Enacfire,599,3.3,1842,Reverb black,In the Ear
363,Enacfire E60 Bullets Wireless Z Bass Edition Neckband h...,Enacfire,599,4.0,11150,black,In the Ear
364,Enacfire E60 Bullets Wireless Z Bass Edition Neckband h...,Enacfire,599,4.3,19,Reverb black,In the Ear
365,ENMORA Headsphone bluetooth|headset bluetooth|earbud he...,ENMORA,222,3.9,13517,Black,In the Ear
366,ENMORA Headsphone bluetooth|headset bluetooth|earbud he...,ENMORA,222,3.6,1162,Black,In the Ear
367,fiado i68-pro earpods 5.0 Tws Wireless Bluetooth Headse...,fiado,1061,4.1,317,White,True Wireless
368,fiado i68-pro earpods 5.0 Tws Wireless Bluetooth Headse...,fiado,1061,3.8,25,White,True Wireless
369,FIER MGNT_k1-2 Bluetooth Headset Bluetooth without Mic ...,FIER,228,4.2,887466,Black,True Wireless
370,"FIER FGN-K1B,K1W Pack 2bluetooth,headphone Bluetooth He...",FIER,217,4.0,333036,White,On the Ear
371,FIER MGNT_k1-2 Bluetooth Headset Bluetooth without Mic ...,FIER,228,4.0,0,Black,True Wireless
372,FIER Headset in Ear Earphone Bluetooth Headset,FIER,155,3.5,1043,White,In the Ear
373,"FIER FGN-K1B,K1W Pack 2bluetooth,headphone Bluetooth He...",FIER,217,3.7,6288,White,On the Ear
374,"FIER FGN-K1B,K1W Pack 2bluetooth,headphone Bluetooth He...",FIER,217,5.0,0,White,On the Ear
375,"FIER FGN-K1B,K1W Pack 2bluetooth,headphone Bluetooth He...",FIER,217,3.7,6288,White,On the Ear
376,FIER MAGNET-K1-I7 Pack of 3 Bluetooth Bluetooth Headset...,FIER,369,4.5,13,White,On the Ear
377,FIER MAGNET-K1-I7 Pack of 3 Bluetooth Bluetooth Headset...,FIER,369,3.6,980,White,On the Ear
378,FIER Blutooth Headphone-ZEE-K1-1 Bluetooth Headset Blue...,FIER,231,3.9,14974,White,On the Ear
379,FIER FGN-K1W-02 Bluetooth Headset Bluetooth without Mic...,FIER,151,4.0,2834,White,In the Ear
380,"FIER FGN-K1B,K1W Pack 2bluetooth,headphone Bluetooth He...",FIER,217,3.8,0,White,On the Ear
381,FIER Sports Bluetooth Magnet Headset Bluetooth Headset ...,FIER,168,3.6,1318,Black,In the Ear
382,"FIER FGN-K1B,K1W Pack 2bluetooth,headphone Bluetooth He...",FIER,217,3.7,117,White,On the Ear
383,FIER Sports Bluetooth Magnet Headset Bluetooth Headset ...,FIER,168,3.9,292,Black,In the Ear
384,"FIER FGN-K1B,K1W Pack 2bluetooth,headphone Bluetooth He...",FIER,217,3.8,30,White,On the Ear
385,"FIER FGN-K1B,K1W Pack 2bluetooth,headphone Bluetooth He...",FIER,217,3.3,0,White,On the Ear
386,"FIER FGN-K1B,K1W Pack 2bluetooth,headphone Bluetooth He...",FIER,217,4.0,1934,White,On the Ear
387,FIER FGN-MGNET-B2 Bluetooth Headset Bluetooth Headset,FIER,158,3.7,674,Black,In the Ear
388,FIER F Pack-2 new headset combo Bluetooth Headset,FIER,220,3.8,891,Black,On the Ear
389,"FIER FGN-K1B,K1W Pack 2bluetooth,headphone Bluetooth He...",FIER,217,4.3,310831,White,On the Ear
390,FIER RRT-MAGNET-3 Bluetooth Headset Bluetooth Headset,FIER,167,4.0,333036,Black,In the Ear
391,"FIER FGN-K1B,K1W Pack 2bluetooth,headphone Bluetooth He...",FIER,217,3.3,26491,White,On the Ear
392,FIER MGNT_k1-2 Bluetooth Headset Bluetooth without Mic ...,FIER,228,5.0,0,Black,True Wireless
393,"FIER FGN-K1B,K1W Pack 2bluetooth,headphone Bluetooth He...",FIER,217,4.3,7171,White,On the Ear
394,"FIER FGN K1, Magnet pack 2 Bluetooth Headset Bluetooth ...",FIER,224,4.0,333036,Black,True Wireless
395,FIER MGNT_k1-2 Bluetooth Headset Bluetooth without Mic ...,FIER,228,1.0,0,Black,True Wireless
396,FIER MGNT_k1-2 Bluetooth Headset Bluetooth without Mic ...,FIER,228,3.5,573,Black,True Wireless
397,FIER MGNT_k1-2 Bluetooth Headset Bluetooth without Mic ...,FIER,228,4.0,0,Black,True Wireless
398,FIER MGNT_k1-2 Bluetooth Headset Bluetooth without Mic ...,FIER,228,3.9,35280,Black,True Wireless
399,Fire-Boltt BN1000 Bluetooth Headset,FIER,1299,4.0,1934,Black Red,In the Ear
400,Fire-Boltt BH1000 Bluetooth Headset,FIER,1599,3.9,100,Black Blue,On the Ear
401,FIGER BT SL 231 Bluetooth Headset,FIGER,499,3.9,14726,Black,On the Ear
402,FIGER BT SL 231 Bluetooth Headset,FIGER,499,4.0,2834,Black,On the Ear
403,Fingers Chic BT5 Bluetooth Headset,Fingers,1799,3.6,14,Grey,In the Ear
404,FKU BLUETOOTH NECKBAND WITH Memory Card Slot Bluetooth ...,FKU,499,3.4,373,Grey,In the Ear
405,FKU 5.0 Bluetooth NECKBAND WITH Memory Card Slot Blueto...,FKU,499,3.1,43,Multicolor,In the Ear
406,FLYSTO wirless b11 bluetooth neckband Bluetooth Headset,FLYSTO,300,4.0,2834,Black,In the Ear
407,FLYSTO BT9-M165O B-WHITE Bluetooth Headset,FLYSTO,300,3.6,558,Black::White,In the Ear
408,FLYSTO b11 bluetoothmini s650 mini bluetooth earphone B...,FLYSTO,449,3.3,157,Black,True Wireless
409,FLYSTO K1 bluetoothmini s650 mini bluetooth earphone CO...,FLYSTO,300,3.8,1212,Black,True Wireless
410,FLYSTO M9-RD OKEY Bluetooth Headset,FLYSTO,269,4.0,29660,Red::Black3,In the Ear
411,FLYSTO M9-RD OKEY Bluetooth Headset,FLYSTO,269,3.7,6415,Red::Black3,In the Ear
412,FLYSTO K1 bluetoothmini s650 mini bluetooth earphone CO...,FLYSTO,300,3.5,118,Black,True Wireless
413,Foxne Point One side Wireless Bluetooth Headset 12h Bat...,Foxne,622,3.8,155,Black,True Wireless
414,Foxne Point One side Wireless Bluetooth Headset 12h Bat...,Foxne,654,4.2,47,Black,True Wireless
415,Foxne Point Wireless Bluetooth 4.1 Headset with Mic for...,Foxne,216,4.0,29660,White,In the Ear
416,FPX Sprint with 30 hrs Playtime and Fast Charging Bluet...,FPX,799,3.6,393,Gold,In the Ear
417,"FPX Roar Wireless Bluetooth neckband, Magneticbuds 33HR...",FPX,699,4.0,2193,Silver,In the Ear
418,"FPX Emerald In Ear Neckband 60Hr Playtime SD card Slot,...",FPX,679,3.8,3179,Grey,In the Ear
419,FPX Emerald with 60 hrs Playtime Bluetooth Headset,FPX,759,1.0,0,Blue,In the Ear
420,"FPX Emerald In Ear Neckband 60Hr Playtime SD card Slot,...",FPX,679,3.8,0,Grey,In the Ear
421,FPX Flex Pro with 35 hrs Playtime Bluetooth Headset,FPX,699,3.3,1842,Black,On the Ear
422,FUTURESTARRKK REALMEN BLUETOOTH NECKBAND IN THE EAR Blu...,FUTURESTARRKK,219,4.1,88,Yellow,In the Ear
423,FUTURESTARRKK Air_pods pro wireless headphone with char...,FUTURESTARRKK,1499,4.2,10,White,True Wireless
424,FUTURESTARRKK TWS i12 Earpods Bluetooth Wireless Earbud...,FUTURESTARRKK,434,3.7,9495,White,True Wireless
425,Gannu earbuds i12 5.0 With Mic Bluetooth Bluetooth Head...,Gannu,399,5.0,0,White,True Wireless
426,Gannu 2 5.0 Wireless Earphone Bluetooth Headset Bluetoo...,Gannu,499,4.4,108,Yellow,In the Ear
427,gogadget 2 Combo Earphone MH3169 Wired Headset,gogadget,232,4.0,10950,White,In the Ear
428,gogadget 2 Combo Earphone MH3169 Wired Headset,gogadget,232,4.0,7195,White,In the Ear
429,Grostar Moonwalk Mini in Ear True Wireless Bluetooth Ea...,Grostar,699,4.1,14148,Black,True Wireless
430,Grostar TWS-Mini True Wireless Ear-Buds with Noise Canc...,Grostar,649,3.8,449,Black,True Wireless
431,Grostar TWS Blueteeth 5.0 Dual Auto Pair Portable True ...,Grostar,649,3.5,573,Red,True Wireless
432,Grostar TWS A6S ear buds True Wireless A6S Bluetooth (B...,Grostar,667,4.0,2834,Black,True Wireless
433,Grostar bluetooth headphone Bluetooth Headset (TEAL GRE...,Grostar,549,3.9,27,TEAL GREEN,In the Ear
434,Grostar HKT-6 Wireless Earpiece Bluetooth 5.0 Earbuds w...,Grostar,799,3.3,1100,Black,True Wireless
435,Grostar Enacfire E60 Bullets Bluetooth Headset,Grostar,599,4.1,4074,Red,In the Ear
436,"Grostar bluetooth headphone Bluetooth Headset (BLUE, In...",Grostar,549,3.3,1181,Blue,In the Ear
437,Hey for FIER i7S Single Ear Best New Design And Lightwe...,Hey,160,3.5,431,White,True Wireless
438,Hey for FIER Bluetooth Headset Bluetooth without Mic He...,Hey,160,3.3,119,White,In the Ear
439,Hey for FIER Bluetooth Headset Bluetooth without Mic He...,Hey,160,4.0,226,White,In the Ear
440,Hey for FIER K1 B PACK OF 2 Bluetooth Headset V4.1 Blue...,Hey,201,3.9,1893,Black,True Wireless
441,Hey for FIER Magnet Blutooth Headset for all Supported ...,Hey,157,3.9,35280,Black,In the Ear
442,Hey for FIER K1 B PACK OF 2 Bluetooth Headset V4.1 Blue...,Hey,201,5.0,0,Black,True Wireless
443,Hitage 11 Best Bass Clear Sound Wired Headset,Hitage,109,4.2,52,White,In the Ear
444,Hitage Round i like METAL EARPHONE earphone with One Ke...,Hitage,129,3.5,129,Black Metal,In the Ear
445,Hitage NBT-6578+ 41 HOURS GRATE DESIGN ORIGINAL SOUND W...,Hitage,799,3.4,6829,Multicolor,In the Ear
446,Hitage Round i like METAL EARPHONE earphone with One Ke...,Hitage,129,4.0,333036,Black Metal,In the Ear
447,Hitage NBT-6578+ 41 HOURS GRATE DESIGN ORIGINAL SOUND W...,Hitage,799,3.5,16,Multicolor,In the Ear
448,Hitage GH1927+ Wired Gaming Earphone with Detachable Lo...,Hitage,499,3.6,11,Blue,In the Ear
449,Hitage NBT-6586+ RED Ultra BATTERY Magnetic Sports Part...,Hitage,900,3.7,1039,Red,In the Ear
450,Hitage in-Ear Extra Bass earphone Wired Headset with Mi...,Hitage,156,3.7,10787,Black,In the Ear
451,Hitage NBT-6858 Audio ProBass `Neckband Bluetooth Heads...,Hitage,521,3.7,0,Red,In the Ear
452,HOPPUP MINI Bluetooth Headset,HOPPUP,649,4.2,10,Red,True Wireless
453,HOPPUP SONIC with 20 Hours Play Time Bluetooth Headset,HOPPUP,699,3.7,0,Red,On the Ear
454,HOPPUP Vibe with 55 Hours Playtime Bluetooth Headset,HOPPUP,449,3.6,130,Grey,On the Ear
455,HRX X-Drops 440G Bluetooth Headset,HRX,1499,3.9,669,Black,In the Ear
456,HRX X-Wave 9R_1 Bluetooth Headset,HRX,999,3.7,125,Solar Gold,In the Ear
457,HSJ Original stereo audio Wired Headset,HSJ,248,4.0,333036,White,In the Ear
458,HSJ Original stereo audio Wired Headset,HSJ,248,3.4,94,White,In the Ear
459,HYATT CREATION Wireless Bluetooth Earphone Bluetooth wi...,HYATT,569,3.3,193,White,In the Ear
460,Hypex Stylish Wired Headphone With High Bass Sound & Mi...,Hypex,199,3.3,69,Multicolor,On the Ear
461,iball Nano Earwear Ring-dock B9 Bluetooth Headset,iball,1079,3.7,0,Black,In the Ear
462,iBAss 3.5MM Deep Bass For O_PPO Reno Series Wired Gamin...,iBAss,259,4.1,375,White,In the Ear
463,icall BBD-S650 One side Earbuds (With Charging Cable) B...,icall,208,4.2,74477,Black,True Wireless
464,icall BBD-S650 One side Earbuds (With Charging Cable) B...,icall,208,3.5,17,Black,True Wireless
465,icall BestSound Latest P47 With Mic With 6 Hour Battery...,icall,420,4.3,47,Multicolor,On the Ear
466,icall BBD-S650 Mini Bluetooth or K1 Bluetooth Headset,icall,299,4.0,6,Black,True Wireless
467,icall BBD-Mini S650 Wireless Bluetooth in-Ear V4.0 with...,icall,349,3.1,56,Black,True Wireless
468,icall X9 earbuds bluetooth earphones single side Blueto...,icall,392,3.5,1169,Black,True Wireless
469,IMMUTABLE 98T4 _ Wireless Neckband Bluetooth Earphone H...,IMMUTABLE,238,4.0,5,Yellow,In the Ear
470,IMS TWS i12 Earpods Bluetooth Wireless Earbuds Bluetoot...,IMS,499,3.7,256,White,True Wireless
471,INFINITY (JBL) Glide N120 Bluetooth Headset,INFINITY,1499,4.1,122548,Red,On the Ear
472,INFINITY (JBL) Glide N120 Bluetooth Headset,INFINITY,1499,4.1,122548,Yellow,On the Ear
473,INFINITY by Harman Glide 501 Bluetooth Headset,INFINITY,1479,3.3,1842,Black,On the Ear
474,InOne High bass Wireless earphone with Magnetic buds an...,InOne,699,5.0,3,Red,In the Ear
475,ISC BUDS LIVE IN Black with Charging Case(Black) Blueto...,ISC,999,3.4,350,Black,True Wireless
476,Jabra Talk 15 Bluetooth Headset,Jabra,1349,3.5,0,Black,In the Ear
477,Jabra Elite Active 65t Copper Bluetooth Headset,Jabra,4999,3.8,9600,Blue,True Wireless
478,Duet JBL Mini Bluetooth Headset,JBL,239,3.6,26,Black,In the Ear
479,JBL C150SI Wired Headset,JBL,649,4.2,334732,Black,In the Ear
480,JBL Tune 125BT Bluetooth Headset,JBL,1614,3.8,13159,Black,In the Ear
481,JBL C150SI Wired Headset,JBL,649,4.3,9,Red,In the Ear
482,JBL C100TWS True Wireless with Google Assistant Bluetoo...,JBL,2499,3.7,501,Black,True Wireless
483,JBL C150SI Wired Headset,JBL,649,4.2,334732,Red,In the Ear
484,JBL C100TWS True Wireless with Google Assistant Bluetoo...,JBL,2499,3.9,73755,Black,True Wireless
485,JBL Endurance Run Wired Headset,JBL,999,3.6,91,Black,In the Ear
486,JBL Tune 125BT Bluetooth Headset,JBL,1614,3.8,13159,Blue,In the Ear
487,JBL Endurance Run Wired Headset,JBL,990,4.0,1934,Yellow,In the Ear
488,JBL T450BT Extra Bass Bluetooth Headset,JBL,2374,4.2,74477,Black,On the Ear
489,JBL T450BT Extra Bass Bluetooth Headset,JBL,2374,3.3,119,Black,On the Ear
490,JBL T165BT Bluetooth Headset,JBL,1699,3.8,3871,Black,In the Ear
491,JBL Endurance RunBT IPX5 Sports Bluetooth Headset,JBL,2499,5.0,0,Grey,On the Ear
492,JBL Endurance Run Wired Headset,JBL,1099,3.8,13159,Red,In the Ear
493,JBL Tune 125BT Bluetooth Headset,JBL,1614,3.3,1842,Grey,In the Ear
494,JBL Quantum 100 Wired Gaming Headset,JBL,2599,4.0,1431,Blue,On the Ear
495,JBL Endurance Run Wired Headset,JBL,1069,4.3,36720,Blue,In the Ear
496,JBL T50HI Wired Headset,JBL,549,3.3,26491,Red,In the Ear
497,JBL Live 100BT Bluetooth Headset,JBL,1688,4.0,333036,Black,In the Ear
498,JBL Endurance Run Wired Headset,JBL,1069,3.5,2169,Blue,In the Ear
499,JBL T110BT Wireless Pure Bass Bluetooth Headset,JBL,1648,3.9,3034,Grey,In the Ear
500,JBL Wave 100TWS Bluetooth Headset,JBL,3999,3.8,1488,Black,True Wireless
501,JBL T50HI Wired Headset,JBL,549,3.5,573,Red,In the Ear
502,JOCOBOO Wireless Sweatproof Stereo Headphone Best Buy B...,JOCOBOO,255,3.5,0,Black,In the Ear
503,JOCOBOO Wireless Sweatproof Stereo Headphone Best Buy B...,JOCOBOO,255,4.0,4689,Black,In the Ear
504,JOCOBOO sports wireless SH12 STEREO headphone and wired...,JOCOBOO,549,3.9,27565,White,On the Ear
505,JOCOBOO in pods 12 pro Bluetooth Headset,JOCOBOO,549,4.0,2834,matt black,True Wireless
506,kabeer enterprises WIRELESS BLUETOOTH HEADSET WITH CHAR...,kabeer,360,4.3,405112,White,True Wireless
507,kabeer enterprises WIRELESS BLUETOOTH HEADSET WITH CHAR...,kabeer,360,3.7,18513,White,True Wireless
508,kabeer enterprises Best Extra bass Headphones Over The ...,kabeer,241,3.7,31,Black,On the Ear
509,KASODH B0T-1 Bluetooth Headset,KASODH,298,4.0,7195,Black,On the Ear
510,KAWL EP61_WT_Wired Earphones_with HD Microphone Wired H...,KAWL,88,4.0,819,White,In the Ear
511,"KAWL KEP161 Octave Wired Earphone, Call Answer HD Sound...",KAWL,199,3.6,1904,Red,In the Ear
512,KBOOM New Arival HBS-730 Unique Ring-necked Wireless St...,KBOOM,260,3.4,7605,Multicolor,In the Ear
513,KDM M-8 Wired Headset,KDM,249,3.5,3703,Silver,On the Ear
514,KDM A-2 Sport 50H musi time Wireless Bluetooth Headset ...,KDM,969,3.5,1288,Black,True Wireless
515,"KDM Wireless Earbuds 15 Hrs Playtime (4 Hrs Earbuds, 11...",KDM,1499,5.0,0,Grey,In the Ear
516,kk2 Single-Side Talking K1 Lightweight Wireless Bluetoo...,kk2,186,4.2,35,Black,True Wireless
517,kk2 Ear Headphone for Compatible to All Android Mobile ...,kk2,156,3.8,175,White,In the Ear
518,KOTION EACH KOTION EACH_G2000 Wired Gaming Headset,KOTION,1525,1.0,0,Black/Blue,On the Ear
519,KRAZZY INDIA b11 red Bluetooth Headset,KRAZZY,235,4.2,10071,Red,In the Ear
520,KRAZZY INDIA b11 red Bluetooth Headset,KRAZZY,235,4.3,405112,Red,In the Ear
521,LIFE MUSIC high quality HBS 730 Neckband wireless Sport...,LIFE,270,4.0,6781,Black,In the Ear
522,Logitech H390 USB Wired Headset,Logitech,3299,4.0,18,Black,On the Ear
523,MASOORI Headset11 5.0 P With Mic Bluetooth Headset Blue...,MASOORI,399,3.6,14,White,True Wireless
524,Matlek Gaming Headphones With Adjustable Mic | Deep Bas...,Matlek,699,4.1,236,Blue,On the Ear
525,meoww 3.5mm Deep Bass For O_PPO Reno Series Wired Heads...,meoww,170,3.9,3281,White,In the Ear
526,Met style ENCO M31 Wireless bluetooth Neckband Bluetoot...,Met,999,4.1,274,Blue,In the Ear
527,Mi Basic Wired Headset,Mi,429,4.3,712789,Black,On the Ear
528,Mi Basic Wired Headset with Mic,Mi,429,4.3,712789,Black,In the Ear
529,MICROBOTS i7s single ear bluetooth best quality for all...,MICROBOTS,125,3.6,72,White,True Wireless
530,MICROBOTS single ear bluetooth best quality for all sma...,MICROBOTS,150,3.7,578,Multicolor,In the Ear
531,"Microflash Touch, Voice Control-LED Display Earbuds Blu...",Microflash,1199,4.0,2014,Black,True Wireless
532,Micromax AirFunk 1 Bluetooth Headset,Micromax,1234,3.9,626,Black,True Wireless
533,"MIFKRT Dual Driver Wired Headset with Mic (Night Black,...",MIFKRT,299,3.5,86,Black,In the Ear
534,MINISO We Bare Bears In-Ear Headphones with Microphone ...,MINISO,250,4.0,41082,Pink,In the Ear
535,Mivi DuoPods M20 True Wireless Bluetooth Headset,Mivi,799,3.3,1842,Black,True Wireless
536,Mivi Duopods F30 with 42 hours battery Fast Charging TW...,Mivi,999,3.9,99486,White,True Wireless
537,Mivi Collar Classic Neckband with Fast Charging Bluetoo...,Mivi,699,3.4,56834,Black,In the Ear
538,Mivi Collar Classic Neckband with Fast Charging Bluetoo...,Mivi,699,3.9,99486,Blue,In the Ear
539,Mivi DuoPods M20 True Wireless Bluetooth Headset,Mivi,799,3.8,1748,Blue,True Wireless
540,Mivi Duopods F30 with 42 hours battery Fast Charging TW...,Mivi,999,3.9,43126,Red,True Wireless
541,Mivi Collar Classic Neckband with Fast Charging Bluetoo...,Mivi,699,3.9,99486,Red,In the Ear
542,Mivi TEDPM40-BK Bluetooth Headset,Mivi,1499,5.0,0,Black,True Wireless
543,MJ Hub -730 Headphone wireless music crystal clear ster...,MJ,220,3.8,35074,Black,In the Ear
544,MJ Hub -730 Headphone wireless music crystal clear ster...,MJ,220,4.0,2834,Black,In the Ear
545,MJ Hub HBS-730 Wireless/Bluetooth Earphone Compatible A...,MJ,199,3.9,35280,Black,In the Ear
546,MLN SPORTS-1062 30 hours play time Neckband Bluetooth H...,MLN,599,3.7,124,Black,In the Ear
547,MLN NB-1035 Sports Wireless 24 hours play time Neckband...,MLN,599,3.9,35280,Black,In the Ear
548,Musify Trending Best HBS-730 Wireless Neckband With Cal...,Musify,234,3.9,35280,Blue,In the Ear
549,Musify New 730 Sports Handsfree Calling Compatible With...,Musify,234,3.8,704,Black,In the Ear
550,Muzifit Boomband RX135 Bluetooth Wireless Neckband with...,Muzifit,499,3.8,665,Grey,In the Ear
551,Mytrack 288 Pro in-Ear with ASAP charging Version 5.0 N...,Mytrack,499,4.1,404,Black,In the Ear
552,N2B MAGNET-02 PACK OF 2 Bluetooth Headset,N2B,254,4.0,625672,Black,True Wireless
553,N2B MAGNET-02 PACK OF 2 Bluetooth Headset,N2B,254,3.5,573,Black,True Wireless
554,N2B MAGNET-02 PACK OF 2 Bluetooth Headset,N2B,254,3.3,1842,Black,True Wireless
555,N2B MAGNET-02 PACK OF 2 Bluetooth Headset,N2B,254,4.0,70713,Black,True Wireless
556,N2B MAGNET-02 PACK OF 2 Bluetooth Headset,N2B,254,3.3,1842,Black,True Wireless
557,N2B MAGNET-02 PACK OF 2 Bluetooth Headset,N2B,254,4.5,13,Black,True Wireless
558,N2B TWS Twins Wireless Bluetooth Earphone with Mic HEAD...,N2B,399,4.0,0,White,In the Ear
559,N2B MAGNET-02 PACK OF 2 Bluetooth Headset,N2B,254,3.5,35,Black,True Wireless
560,N2B MAGNET-02 PACK OF 2 Bluetooth Headset,N2B,254,3.8,133,Black,True Wireless
561,N2B MAGNET-02 PACK OF 2 Bluetooth Headset,N2B,254,3.6,6770,Black,True Wireless
562,N2B MAGNET-02 PACK OF 2 Bluetooth Headset,N2B,254,3.6,885,Black,True Wireless
563,N2B MAGNET-02 PACK OF 2 Bluetooth Headset,N2B,254,3.9,4844,Black,True Wireless
564,N2B MAGNET-02 PACK OF 2 Bluetooth Headset,N2B,254,4.1,46980,Black,True Wireless
565,N2B MAGNET-K1-I7 Pack of 3 Bluetooth Bluetooth Headset,N2B,421,3.3,26491,White,On the Ear
566,N2B MAGNET-02 PACK OF 2 Bluetooth Headset,N2B,254,3.2,120,Black,True Wireless
567,N2B PACK OF 2 Bluetooth Headset V4.1 with Mic Bluetooth...,N2B,242,3.5,1204,Black,True Wireless
568,N2B MAGNET-02 PACK OF 2 Bluetooth Headset,N2B,254,3.8,89,Black,True Wireless
569,N2B MAGNET-K1-I7 Pack of 3 Bluetooth Bluetooth Headset,N2B,421,3.0,0,White,On the Ear
570,N2B ADVANCED MAGNET RED Bluetooth Headset,N2B,173,4.8,5,Gold,On the Ear
571,N2B MAGNET-02 PACK OF 2 Bluetooth Headset,N2B,254,3.3,193,Black,True Wireless
572,N2B MAGNET-K1-I7 Pack of 3 Bluetooth Bluetooth Headset,N2B,421,3.9,13327,White,On the Ear
573,N2B MAGNET-02 PACK OF 2 Bluetooth Headset,N2B,254,4.0,2834,Black,True Wireless
574,N2B MAGNET-02 PACK OF 2 Bluetooth Headset,N2B,254,3.0,64,Black,True Wireless
575,N2B MAGNET-K1-I7 Pack of 3 Bluetooth Bluetooth Headset,N2B,421,3.9,13327,White,On the Ear
576,N2B MAGNET-02 PACK OF 2 Bluetooth Headset,N2B,254,4.5,4,Black,True Wireless
577,N2B MAGNET-02 PACK OF 2 Bluetooth Headset,N2B,254,4.0,333036,Black,True Wireless
578,N2B MAGNET-02 PACK OF 2 Bluetooth Headset,N2B,254,3.3,20,Black,True Wireless
579,N2B MAGNET-02 PACK OF 2 Bluetooth Headset,N2B,254,3.9,167,Black,True Wireless
580,NICK JONES TWINS Double Wireless Bluetooth Earbuds with...,NICK,410,3.9,0,White,True Wireless
581,Nine9 SH12 Bluetooth Headset,Nine9,599,3.8,9600,Black,On the Ear
582,Nine9 Bluetooth Headphone with FM/SD Card Bluetooth Hea...,Nine9,499,3.7,8221,Blue,On the Ear
583,Nine9 Bluetooth Headphone with FM/SD Card Bluetooth Hea...,Nine9,499,3.5,1920,Blue,On the Ear
584,Nine9 Bluetooth Headphone with FM/SD Card Bluetooth Hea...,Nine9,499,4.3,36720,White,On the Ear
585,NIRUM HBS-730 Wireless/bluetooth For ALL SMART MOBILES ...,NIRUM,220,4.1,28686,Multicolor,In the Ear
586,NIRUM Sports Handsfree HBS 730 Wireless Dual Connect He...,NIRUM,220,3.8,2696,Black,In the Ear
587,Noise Buds VS102 Truly Wireless Bluetooth Headset,Noise,1282,3.9,13327,Jet Black,True Wireless
588,Noise Air Buds Mini Truly Wireless Bluetooth Headset,Noise,1424,3.9,84624,Pearl White,True Wireless
589,Noise Air Buds Mini Truly Wireless Bluetooth Headset,Noise,1499,3.9,84624,Pale Blue,True Wireless
590,Noise Buds Prima with 42 hrs of playtime and Quad Mic B...,Noise,1799,3.8,417,Hope Blue,True Wireless
591,Noise Buds Prima with 42 hrs of playtime and Quad Mic B...,Noise,1799,3.8,417,Simply Beige,True Wireless
592,Noise Nerve Neckband Bluetooth Headset,Noise,999,4.0,4902,Stone Blue,In the Ear
593,Noise Buds VS102 Truly Wireless Bluetooth Headset,Noise,1282,4.1,28686,Pearl White,True Wireless
594,Noise Buds Prima with 42 hrs of playtime and Quad Mic B...,Noise,1799,3.8,417,Charcoal Black,True Wireless
595,"Noise Air Buds Pro with Active Noise Cancellation, Quad...",Noise,2999,3.7,117,Celeste Blue,True Wireless
596,"Noise Air Buds Pro with Active Noise Cancellation, Quad...",Noise,2999,3.7,1582,Pearl White,True Wireless
597,"Noise Air Buds Pro with Active Noise Cancellation, Quad...",Noise,2999,4.0,239,Celeste Blue,True Wireless
598,Noise One Wireless Bluetooth Headset,Noise,1329,4.2,7050,Calm Blue,On the Ear
599,Noise One Wireless Bluetooth Headset,Noise,1312,3.9,5788,Soft Black,On the Ear
600,Nokia T2000 Rapid Charge Neckband Bluetooth Headset,Nokia,1999,3.5,459,Midnight Black,In the Ear
601,Nokia T3010 Bluetooth Headset,Nokia,1499,4.1,55,Crystal Blue,True Wireless
602,Nothing ear (1) Bluetooth Headset,Nothing,5999,4.2,14250,White,True Wireless
603,NOYMI Bluetooth Wireless Noise Cancelling Earphone with...,NOYMI,299,3.8,13,Black,In the Ear
604,Nu Republic Rush X6 With Environmental Noise Cancellati...,Nu,749,4.0,43,Blue,True Wireless
605,Nu Republic Dawn X3 Bluetooth Headset,Nu,475,3.5,1288,Black,On the Ear
606,Nu Republic Dawn X2 Bluetooth Headset,Nu,475,3.6,10,Black,On the Ear
607,Nu Republic Dawn X3 Bluetooth Headset,Nu,475,4.0,10238,Black,On the Ear
608,Nu Republic Flo 2 Bluetooth Headset,Nu,999,3.6,1904,Black,True Wireless
609,Obin BB-01 BoomBass Wired Headset,Obin,239,3.9,10398,Black,In the Ear
610,ODIO OWE11 The Moksha Series(Aqua Blue) Wired Headset,ODIO,249,4.1,257,Blue,In the Ear
611,OnePlus Bullets Wireless Z Bass Edition Bluetooth Heads...,OnePlus,1999,4.3,437395,Bold Black,In the Ear
612,OnePlus Bullets Wireless Z Bass Edition Bluetooth Heads...,OnePlus,1999,3.5,573,Reverb Red,In the Ear
613,OnePlus Buds Z Bluetooth Headset,OnePlus,2999,4.2,65051,Grey,True Wireless
614,OnePlus Buds Bluetooth Headset,OnePlus,4990,4.1,31872,Grey,True Wireless
615,OPPO Enco Buds With 24 hours Battery Life Bluetooth Hea...,OPPO,1799,4.2,34075,White,True Wireless
616,OPPO Enco W11 With Noise Cancellation for calls Bluetoo...,OPPO,2499,4.0,23199,White,True Wireless
617,OUD 150Hrs Music Time Wireless Deep Bass Stereo Sound N...,OUD,799,4.2,2111,Black,In the Ear
618,OUD 150Hrs Music Time Wireless Deep Bass Stereo Sound N...,OUD,799,3.7,15,Black,In the Ear
619,Oxhox HBS-730 Sports Stereo Headphone Bluetooth Headset,Oxhox,260,3.5,12909,Black,In the Ear
620,Oxhox Magnetic Bluetooth Headset with Mic Bluetooth Hea...,Oxhox,144,3.9,35280,Black,In the Ear
621,Oxhox HBS-730 Wireless compatible with 4G redmi Headset...,Oxhox,260,3.8,3440,Black,In the Ear
622,PADRAIG Metal Magnetic Wireless Bluetooth Sports Stereo...,PADRAIG,219,5.0,0,Multicolor,In the Ear
623,Para IN-EAR WIRED EARPHONES WITH MIC Wired Headset(Cyan...,Para,179,3.8,48,Cyan,In the Ear
624,PEarl Entities PREGET Wired Headset,PEarl,284,5.0,0,Black,On the Ear
625,PEarl Entities PREGET Wired Headset,PEarl,284,3.7,0,Black,On the Ear
626,pervious Wired Earphones with mic Light-weight and tang...,pervious,179,4.0,333036,White,In the Ear
627,PHILIPS SHE1505BK/94 Rich Bass Wired Headset,PHILIPS,299,4.1,20960,Black,In the Ear
628,PHILIPS TAT4205BK (TWS) with IPX5 Splash-Proof Design B...,PHILIPS,1499,3.6,1471,Black,True Wireless
629,PHILIPS TAN2215BK/94 Splash Proof Wireless Neckband Blu...,PHILIPS,1749,3.6,89,Black,In the Ear
630,phinics i12 Earpods Bluetooth Headset Bluetooth Headset...,phinics,549,3.3,518,Pink,True Wireless
631,Platina 1000 Bluetooth Headset,Platina,245,3.4,3550,Multicolor,In the Ear
632,Plus Shine TWS Wireless Bluetooth Earphone Bluetooth He...,Plus,449,3.7,4617,White,True Wireless
633,Plus Shine i12s_MA05 Bluetooth Headset,Plus,549,3.9,221939,White,True Wireless
634,Plus Shine i12s_MA05 Bluetooth Headset,Plus,549,3.2,229,White,True Wireless
635,POKRYT BT26 Long Life Battery Backup 24 Hours With Mic ...,POKRYT,899,3.7,49,Black,In the Ear
636,POKRYT BT26 Long Life Battery Backup 24 Hours With Mic ...,POKRYT,899,3.5,2649,Black,In the Ear
637,POKRYT Hot SaleASAP charging Version 5.0 Bluetooth earp...,POKRYT,899,4.0,333036,Black,In the Ear
638,Portronics POR-1071 Conch Beta Wired Headset,Portronics,229,4.1,221,Black,In the Ear
639,Portronics POR-1071 Conch Beta Wired Headset,Portronics,229,4.1,9930,Black,In the Ear
640,Portronics Harmonics 216 Bluetooth Headset,Portronics,759,4.2,77904,Blue,In the Ear
641,Portronics Harmonics 216 Bluetooth Headset,Portronics,759,3.3,1842,Blue,In the Ear
642,Portronics POR-1070 Conch Gama Wired Headset,Portronics,249,3.5,55,Red,In the Ear
643,Portronics Harmonics 216 Bluetooth Headset,Portronics,799,4.0,6245,Black,In the Ear
644,Portronics POR-1182 Harmonics 300 Bluetooth Headset,Portronics,1234,3.8,3440,Blue,In the Ear
645,Portronics Harmonics One Sports Bluetooth Headset,Portronics,797,3.8,0,Black,In the Ear
646,PREMBROTHERS U&I Hammer Series UINB-4824 Neckband With ...,PREMBROTHERS,949,3.5,843,Red,In the Ear
647,PREMBROTHERS U&I Titanic series UINB-3987 Neckband With...,PREMBROTHERS,598,5.0,0,Black,In the Ear
648,PTron InTunes Lite Neckband Bluetooth Headset,PTron,549,3.8,16286,Red,In the Ear
649,PTron Basspods 481 Bluetooth Headset,PTron,799,4.2,7050,Silver,On the Ear
650,PTron Basspods 481 Bluetooth Headset,PTron,799,3.7,5317,Silver,On the Ear
651,PTron Basspods 681 Bluetooth Headset,PTron,1599,3.7,6288,Black,True Wireless
652,PTron Soundster Lite Bluetooth Headset,PTron,799,3.5,13,Black,On the Ear
653,PTron Basspods 281 In-Ear True Wireless Bluetooth 5.1 H...,PTron,999,3.8,1860,Grey,True Wireless
654,PTron Basspods 581 Bluetooth Headset,PTron,999,3.6,240,Black & Red,True Wireless
655,PTron Basspods 581 Bluetooth Headset,PTron,999,3.5,134,Black & Yellow,True Wireless
656,"PunnkFunnk K20 Gaming Headset, Over Ear Gaming Headphon...",PunnkFunnk,949,3.5,1713,Black,On the Ear
657,Qexle Harons_Hbs730_01 Bluetooth Headset,Qexle,399,4.2,334732,Black,In the Ear
658,Qexle Harons_Hbs730_01 Bluetooth Headset,Qexle,399,4.1,88,Black,In the Ear
659,Qexle Neckband BT Compatible 730 With Light Bass Sport ...,Qexle,399,4.0,0,Black,In the Ear
660,Qexle HBS-730 bluetooth headset with Bluetooth Headset ...,Qexle,449,4.0,1934,Black,In the Ear
661,kabeer enterprises 3D Ultra Bass Powerful Sound Redm.i ...,Realme,256,3.5,1043,Black,In the Ear
662,realme Buds Wireless 2 Neo with Type-C Fast Charge & Ba...,realme,1499,4.0,63970,Black,In the Ear
663,realme Buds Q2 Neo with Environment Noise Cancellation ...,realme,1599,3.9,217931,Black,True Wireless
664,realme Buds Wireless 2 with Dart Charge and Active Nois...,realme,2299,3.9,13327,Yellow,In the Ear
665,realme Buds 2 Wired Headset,realme,599,4.2,229212,Black,In the Ear
666,realme Buds Wireless 2 with Dart Charge and Active Nois...,realme,2299,4.1,56420,Grey,In the Ear
667,realme Buds Q2 Neo with Environment Noise Cancellation ...,realme,1599,3.8,631,Blue,True Wireless
668,realme Buds Air 2 with Active Noise Cancellation (ANC) ...,realme,3299,3.6,550,Closer White,True Wireless
669,realme Buds Classic RMA2001 Wired Earphones with HD Mic...,realme,399,4.2,105190,White,In the Ear
670,realme Buds 2 Wired Headset,realme,599,4.3,535144,Orange,In the Ear
671,realme Buds Wireless Bluetooth Headset,realme,1780,4.0,4948,Yellow,In the Ear
672,realme Buds Q2 with Active Noise Cancellation Bluetooth...,realme,2499,3.9,13327,Black,In the Ear
673,realme Buds Wireless Bluetooth Headset,realme,1765,3.9,18893,Green,In the Ear
674,realme Buds 2 Neo With HD Mic Wired Headset,realme,499,4.2,19975,Black,In the Ear
675,realme Buds Air 2 with Active Noise Cancellation (ANC) ...,realme,3299,4.1,16689,Closer Gold,True Wireless
676,realme Buds 2 Neo With HD Mic Wired Headset,realme,499,3.5,20079,Blue,In the Ear
677,realme Buds Wireless Pro with Active Noise Cancellation...,realme,3999,3.9,13327,Yellow,In the Ear
678,realme Buds Q Bluetooth Headset,realme,1999,1.0,0,White,True Wireless
679,realme Buds Wired Headset,realme,449,3.9,4849,Black,In the Ear
680,realme Buds Air Pro Active Noise Cancellation Enabled B...,realme,4999,3.3,643,Matte Black,True Wireless
681,realme Buds Air Neo Bluetooth Headset,realme,2499,3.9,5788,Red,True Wireless
682,Reborn 30 Hours non-Stop Backup Unquie HQ Neckband Wire...,Reborn,549,4.0,3142,Black,In the Ear
683,Redmi by Mi Hi-Resolution Audio Wired Headset,Redmi,399,4.2,25388,Black,In the Ear
684,Redmi by Mi Hi-Resolution Audio Wired Headset,Redmi,399,4.2,74477,Black,In the Ear
685,Redmi by Mi Hi-Resolution Audio Wired Headset,Redmi,399,3.9,13327,Red,In the Ear
686,REDMI SonicBass Neckband Bluetooth Headset,Redmi,1299,4.0,2834,Black,In the Ear
687,Remembrand ThunderBass 450 Bluetooth Headset,Remembrand,599,3.4,181,Active Black,In the Ear
688,RFV1 TWS Bluetooth Earphones Touch Sensor with in Built...,RFV1,499,3.7,45,White,True Wireless
689,RJFuture I12 TWS Earphone Wireless Earbuds Bluetooth He...,RJFuture,434,4.1,12,White,In the Ear
690,RJFuture RML NECKBAND Bluetooth Headset,RJFuture,219,3.8,427,Yellow,In the Ear
691,RJFuture I12 TWS Earphone Wireless Earbuds Bluetooth He...,RJFuture,434,3.4,64,White,In the Ear
692,RoyalRich LED Display TWS Earbuds Bluetooth Headset,RoyalRich,999,4.0,306,Black,True Wireless
693,RPM Euro Games Gaming Earphones Headphones For Mobile P...,RPM,699,3.7,1233,Blue,In the Ear
694,RPMSD True Wireless ProBuds Headphone Earphone With Cha...,RPMSD,1327,3.3,40,Red,True Wireless
695,Ruhi Collection Best Collection Earphones for In-Ear Ha...,Ruhi,169,3.9,35280,White,In the Ear
696,D1enterprises Samsung Ehs-61 Orginal earphones on the e...,SAMSUNG,149,3.6,1750,White,In the Ear
697,SAMSUNG Level U2 With Type-C Charging Bluetooth Headset,SAMSUNG,2199,4.2,258319,Blue,In the Ear
698,SAMSUNG Original EHS64 Black Wired Headset,SAMSUNG,499,4.2,6452,Black,In the Ear
699,SAMSUNG Level U2 With Type-C Charging Bluetooth Headset,SAMSUNG,2199,3.3,56,Black,In the Ear
700,samsung uflex Headphone Wired Headset,SAMSUNG,220,3.9,35280,White,In the Ear
701,SAMSUNG EHS64 Wired Headset,SAMSUNG,499,5.0,0,White,In the Ear
702,SAMSUNG EHS64 Wired Headset,SAMSUNG,499,4.2,77904,White,In the Ear
703,samsung uflex Headphone Wired Headset,SAMSUNG,220,3.7,0,White,In the Ear
704,SAMSUNG Original EHS64AVFWECINU Wired Headset,SAMSUNG,499,4.1,287,White,In the Ear
705,SAMSUNG Original EHS64AVFBECINU Ultra Bass Wired Headse...,SAMSUNG,499,3.6,53,Black,In the Ear
706,"webster Sa__msung Gal-axy J4 Plus,Note 8,A9,J2 Core,J6 ...",SAMSUNG,175,3.5,1755,White,In the Ear
707,Sandarbh i7s Tws Ear Buds Wireless Bluetooth Earphone T...,Sandarbh,349,3.8,610,White,True Wireless
708,"SE WORLD P47 WIRELESS HEADPHONE Bluetooth, Wired Headse...",SE,399,3.8,42,Black,On the Ear
709,Sennheiser PC 5 CHAT Wired Headset,Sennheiser,1490,4.1,214,Black,On the Ear
710,Skullcandy Ink'd Plus Wireless Bluetooth Headset,Skullcandy,3000,3.9,2469,Black,In the Ear
711,Skullcandy S2DUL-J571 Wired Headset,Skullcandy,629,4.0,1934,Purple/Black,In the Ear
712,SkyKey TIG-BLK-MEGNET-74 Bluetooth Headset,SkyKey,176,3.3,1842,Black,In the Ear
713,SkyKey TIG-BLK-K1-72 Bluetooth Headset,SkyKey,151,4.0,333036,Black,In the Ear
714,SkyKey SN-I7 SINGLE -353 Bluetooth Headset,SkyKey,166,3.4,94,White,True Wireless
715,SkyKey SN-I7 SINGLE -353 Bluetooth Headset,SkyKey,166,3.3,85,White,True Wireless
716,SmartKart Classical Sound earphone 3.5 mm jack with ext...,SmartKart,198,4.3,36720,White,In the Ear
717,SONY 310AP Wired Headset,SONY,949,4.0,21132,Black,On the Ear
718,SONY 310AP Wired Headset,SONY,949,4.2,245914,Black,On the Ear
719,SONY ZX110A Wired without Mic Headset,SONY,709,4.3,36720,White,On the Ear
720,SONY WH-CH510 Google Assistant enabled Bluetooth Headse...,SONY,2990,4.4,8,Black,On the Ear
721,SONY WI-C200 Bluetooth Headset,SONY,2069,4.0,1934,Black,In the Ear
722,SONY WI-C200 Bluetooth Headset,SONY,2069,4.0,35,Black,In the Ear
723,SONY MDR-EX155AP Gaming Earphones Clear Sound Extra Bas...,SONY,1290,5.0,0,Black,In the Ear
724,SONY C400 Bluetooth Headset,SONY,3690,3.9,14726,Blue,In the Ear
725,SONY C400 Bluetooth Headset,SONY,3600,3.9,34,Black,In the Ear
726,SONY WI-XB400 Extra Bass Wireless Stereo Headset Blueto...,SONY,3319,4.0,0,Blue,In the Ear
727,SONY WF-XB700 With 18 Hours Battery Life Bluetooth Head...,SONY,6990,3.7,116,Blue,True Wireless
728,SONY C400 Bluetooth Headset,SONY,3600,3.9,4849,Black,In the Ear
729,SONY XB55AP Wired Headset,SONY,2390,3.9,10398,Black,In the Ear
730,SONY WF-H800 With 16hrs Battery Life Bluetooth Headset,SONY,6990,4.0,2834,Black,True Wireless
731,SONY WI-C310 Bluetooth Headset,SONY,2675,3.9,28493,Black,In the Ear
732,SONY WI-C310 Bluetooth Headset,SONY,1999,3.9,35280,Blue,In the Ear
733,SONY MDR-EX15AP_Violet Wired Headset,SONY,885,3.5,0,Violet,In the Ear
734,SONY WI-C200 Bluetooth Headset,SONY,2090,3.4,482,White,In the Ear
735,SONY WH-CH710N Active noise cancellation enabled Blueto...,SONY,7990,3.7,129,Black,On the Ear
736,Soundcore by Anker Life Q10 with Fast Charging Bluetoot...,Soundcore,2499,4.4,28087,Blue,On the Ear
737,Soundcore by Anker R100 Fast charging TWS with 25 hours...,Soundcore,1799,4.0,56,White,True Wireless
738,Soundcore by Anker Life Note True Wireless Bluetooth He...,Soundcore,2494,3.3,26491,Black,True Wireless
739,Soundcore by Anker R500 Fast charging neckband with 20 ...,Soundcore,1480,3.6,11,Black,In the Ear
740,Soundcore by Anker Life Note True Wireless Bluetooth He...,Soundcore,2499,4.0,1934,Grey,True Wireless
741,Soundcore by Anker Liberty 2 True Wireless Bluetooth He...,Soundcore,4999,3.7,836,Black,True Wireless
742,Soundcore by Anker Life Note True Wireless Bluetooth He...,Soundcore,2493,3.4,134,White,True Wireless
743,Soundcore by Anker Life Note True Wireless Bluetooth He...,Soundcore,2494,3.7,153,Black,True Wireless
744,SOWME Q20 Bluetooth Magnetic Handsfree Headphones for S...,SOWME,132,3.6,1201,Red,In the Ear
745,STYLELTROICS super bass Earphone for Hua_wei /Sam_sung ...,STYLELTROICS,240,4.3,7,White,In the Ear
746,Stylord RML-BT-1 Bluetooth Headset,Stylord,359,4.0,2110,Yellow,In the Ear
747,Sunnybuy L21 True Wireless Portable Bluetooth Headset w...,Sunnybuy,899,3.6,1787,Black,True Wireless
748,Sunnybuy In pods 12 Earphone Stereo v5.0 with Touch Sen...,Sunnybuy,999,3.5,1205,Blue,In the Ear
749,Sunnybuy TWS T8 True Air_buds Wireless High Bass premiu...,Sunnybuy,1199,3.5,154,Black,True Wireless
750,Sunnybuy i12 TWS Bluetooth 5.0 (Sky Blue) Bluetooth Hea...,Sunnybuy,999,5.0,0,Blue,True Wireless
751,SYARA WNF_696L_Level Neck Band Bluetooth Headset Blueto...,SYARA,589,3.8,679,Black,In the Ear
752,sykz Air Buds Mini Truly Wireless Bluetooth Headset,sykz,749,3.4,49,Black,True Wireless
753,tapfuture airpro Bluetooth Headset,tapfuture,699,3.4,302,White,True Wireless
754,tapfuture L21 TWS Bluetooth Headset,tapfuture,689,3.6,1904,Black,In the Ear
755,TCL SOCL200BT Bluetooth Headset,TCL,1199,3.3,1842,Phantom Black,In the Ear
756,TECHEL 38 _BLUETOOTH EARBUDS|BLUETOOTH HEADS Bluetooth ...,TECHEL,349,3.9,316,White,True Wireless
757,TECHEL 38 _BLUETOOTH EARBUDS|BLUETOOTH HEADS Bluetooth ...,TECHEL,349,3.9,316,White,True Wireless
758,TECHFIRE Fire 500v2 Neckband hi-bass Wireless Bluetooth...,TECHFIRE,599,4.1,2472,Blue,In the Ear
759,TECHFIRE Fire 500v2 Neckband hi-bass Wireless Bluetooth...,TECHFIRE,599,3.8,1748,Green,In the Ear
760,TECHFIRE Tf M-31 Neckband hi-bass headphone Wireless Bl...,TECHFIRE,499,3.7,1507,Green,In the Ear
761,TECHFIRE Platinum Series Neckband - Low Price Bluetooth...,TECHFIRE,599,3.4,5543,Blue,In the Ear
762,TECHFIRE Platinum Series Neckband - Low Price Bluetooth...,TECHFIRE,599,3.8,631,Blue,In the Ear
763,TECHFIRE L21 Wireless Earphone Mini Bluetooth 5.0 Headp...,TECHFIRE,692,3.7,92346,Black,In the Ear
764,TECHFIRE FIRE 300 Platinum Series Neckband - Low Price ...,TECHFIRE,599,4.0,333036,White,In the Ear
765,TECHFIRE TF_44 realme Buds Wireless Bluetooth Headset B...,TECHFIRE,599,3.1,369,Yellow,On the Ear
766,TECHFIRE Wired Extra Bass On-Ear Headphones Wired Heads...,TECHFIRE,259,4.1,3030,Black,On the Ear
767,TECHFIRE M-31 Neckband hi-bass Wireless Bluetooth headp...,TECHFIRE,598,1.0,0,Black,In the Ear
768,TECHFIRE Neckband wireless headphones with 16 hours Pla...,TECHFIRE,399,3.5,843,Red,In the Ear
769,TECHFIRE Platinum Series Neckband - Low Price Bluetooth...,TECHFIRE,578,3.8,3440,Red,In the Ear
770,TECHFIRE Neckband wireless headphones with 36 hours Pla...,TECHFIRE,599,3.8,131,Blue,In the Ear
771,TECHFIRE BULLET M-31 Pro 2 Neckband Wireless Bluetooth ...,TECHFIRE,599,3.7,54,TEAL GREEN,In the Ear
772,TECHFIRE BULLET M-31 Pro 2 Neckband Wireless Bluetooth ...,TECHFIRE,599,4.8,4,TEAL GREEN,In the Ear
773,TECHFIRE TUNE 200 Platinum Series Neckband - Low Price ...,TECHFIRE,474,3.6,558,Black,In the Ear
774,TECHFIRE Platinum Series Neckband - Low Price Bluetooth...,TECHFIRE,599,3.7,31,Black,In the Ear
775,TECHFIRE TF-110 Pro-36 hours playtime Wireless Neckband...,TECHFIRE,599,4.0,3463,TEAL GREEN,In the Ear
776,TECHFIRE Neckband wireless headphones with 16 hours Pla...,TECHFIRE,399,3.5,1070,Yellow,In the Ear
777,TECHFIRE TUNE 200 Platinum Series Neckband - Low Price ...,TECHFIRE,474,4.0,10238,Yellow,In the Ear
778,TECHFIRE Platinum Series Neckband - Low Price Bluetooth...,TECHFIRE,599,3.8,3440,Black,In the Ear
779,Tecno Ace A2 se Bluetooth Headset,Tecno,394,3.3,353,Ace A2,True Wireless
780,Tecno Ace A2 Bluetooth Headset,Tecno,590,3.3,1842,Black,In the Ear
781,TEQIR Stereo Music Hanging Neckband Wireless Earphone B...,TEQIR,499,4.0,29660,Black,In the Ear
782,THE MOBILE POINT True Wireless Bluetooth Headset Blueto...,THE,495,3.4,1917,Black,True Wireless
783,THE MOBILE POINT True Wireless Bluetooth Headset Blueto...,THE,495,3.4,1917,Black,True Wireless
784,the gifting tree KDM M8 Wired Headset Wired Headset,THE,279,3.3,3,Black,In the Ear
785,TIGENECY i7S Single 2 PIC Ear Sound with Mic Bluetooth ...,TIGENECY,221,3.5,85,White,True Wireless
786,TIGENECY LOW PRICE ALL MOBILE'SUPPORTED Bluetooth 2 PIC...,TIGENECY,232,4.1,9930,Black,True Wireless
787,TIGENECY LOW PRICE ALL MOBILE'SUPPORTED Bluetooth 2 PIC...,TIGENECY,232,4.3,9,Black,True Wireless
788,TIGENECY ALL MOBILE SUPPORTED COMBO -K1 Bluetooth MEGNE...,TIGENECY,239,4.1,3030,Black,In the Ear
789,TIGENECY Low Price Bluetooth Neckband Bluetooth K1 Head...,TIGENECY,151,3.8,3374,Black,In the Ear
790,TIGENECY LOW PRICE ALL MOBILE SUPPORTED COMBO -K1 Bluet...,TIGENECY,225,4.4,108,Black,In the Ear
791,TIGENECY LOW PRICE ALL MOBILE SUPPORTED COMBO -K1 Bluet...,TIGENECY,225,3.9,14726,Black,In the Ear
792,Tiitan S11 Wired Headset,Tiitan,106,4.1,404,Black,In the Ear
793,Tiitan N2 Bluetooth Headset,Tiitan,329,3.6,1686,Black,In the Ear
794,Tiitan S11 Wired Headset,Tiitan,106,3.7,3,Black,In the Ear
795,Tiitan N2 Bluetooth Headset,Tiitan,329,4.2,72556,Black,In the Ear
796,Togkart TWS i12 Bluetooth Headset,Togkart,455,3.9,0,Black,True Wireless
797,Togkart TWS i12 Bluetooth Headset,Togkart,455,3.0,0,Black,True Wireless
798,touch care High Bass Earphones Wired Headset,touch,177,3.7,170,White,In the Ear
799,TRUETAG AIR_POD with Charging Case Bluetooth Headset wi...,TRUETAG,1449,4.0,0,White,True Wireless
800,Truke Buds S1 Bluetooth Headset,Truke,1399,3.6,2567,Black,True Wireless
801,Truke Buds Q1 with Environmental Noise Cancellation(ENC...,Truke,1199,4.0,26069,Blue,True Wireless
802,Truke BTG 1 Gaming Earbuds with 60ms Low Latency Blueto...,Truke,1599,4.0,6100,Black,True Wireless
803,Truke Buds S1 Bluetooth Headset,Truke,1399,4.0,21398,Blue,True Wireless
804,Truke Fit 1 Bluetooth Headset,Truke,799,3.9,14974,Blue,True Wireless
805,Truke Buds Q1 with Environmental Noise Cancellation(ENC...,Truke,1199,3.8,35074,Black,True Wireless
806,Truke Fit 1 Bluetooth Headset,Truke,799,3.9,35280,Black,True Wireless
807,Truke Fit Pro Power Bluetooth Headset,Truke,999,4.0,543,Blue,True Wireless
808,Truke Fit Pro Bluetooth Headset,Truke,799,3.7,5317,Black,True Wireless
809,Truke Fit Pro Bluetooth Headset,Truke,799,4.0,2834,Black,True Wireless
810,Truke Fit Pro Bluetooth Headset,Truke,799,4.5,23,Green,True Wireless
811,Truke Fit Pro Bluetooth Headset,Truke,799,3.7,18513,Green,True Wireless
812,tvAt HIGH BASS ISOLATED EARPHONE Wired Headset,tvAt,147,3.9,55,White,In the Ear
813,U&I Fighter Series Deep Bass Neckband with 12 Hours Mus...,U&I,399,4.3,1049774,Black,In the Ear
814,U&I Fighter Series Deep Bass Neckband with 12 Hours Mus...,U&I,399,4.0,2834,Black,In the Ear
815,U&I Crash 30Hrs MusicTime WirelessNeckband with Call Vi...,U&I,449,4.1,82872,Black,In the Ear
816,U&I Alarm Series 40Hrs Music Time Wireless Neckband Ear...,U&I,495,3.6,1904,Black,In the Ear
817,U&I Alarm Series 40Hrs Music Time Wireless Neckband Ear...,U&I,495,4.1,2472,Red,In the Ear
818,U&I Prank 30Hrs Music Time Wireless Neckband Bluetooth ...,U&I,439,4.4,81,Black,In the Ear
819,U&I Fighter Series Deep Bass Neckband with 12 Hours Mus...,U&I,399,3.9,13327,Black,In the Ear
820,U&I Bigger Series Neckband with 100 Hours Battery Backu...,U&I,699,4.0,1325,Black,In the Ear
821,U&I Fighter Series Deep Bass Neckband with 12 Hours Mus...,U&I,399,4.2,258319,Black,In the Ear
822,U&I Fighter Series Deep Bass Neckband with 12 Hours Mus...,U&I,399,3.9,13327,Black,In the Ear
823,U&I Pasta Series Extra Bass Wired Earphone with Mic Wir...,U&I,170,4.3,44831,Brown,In the Ear
824,U&i Prime Shuffle 2 Wireless Neckband with Sports and M...,U&i,499,3.5,17,Black,In the Ear
825,U&I Zip Series Wired Headphone with Mic Wired Headset,U&I,299,3.4,490,Blue,On the Ear
826,U&I Fighter Series Deep Bass Neckband with 12 Hours Mus...,U&I,399,4.3,114916,Black,In the Ear
827,U&I Smash Series Neckband with 12 Hours Battery Backup ...,U&I,539,3.4,1211,Black,In the Ear
828,U&I Fighter Series Deep Bass Neckband with 12 Hours Mus...,U&I,399,3.7,0,Black,In the Ear
829,U&I Fighter Series Deep Bass Neckband with 12 Hours Mus...,U&I,399,3.8,52,Black,In the Ear
830,U&I Possible Series Neckband with 60 Hours Music Time B...,U&I,599,4.0,35,Black,In the Ear
831,U&I Fighter Series Deep Bass Neckband with 12 Hours Mus...,U&I,399,4.0,140618,Black,In the Ear
832,U&I Possible Series Neckband with 60 Hours Music Time B...,U&I,599,4.0,1032,Black,In the Ear
833,U&I Fighter Series Deep Bass Neckband with 12 Hours Mus...,U&I,399,3.3,4052,Black,In the Ear
834,U&I Leather Series 100hours Music Time Bluetooth Headse...,U&I,899,3.4,0,Red1,In the Ear
835,U&I Nice Series IPX4 Neckband with 10 Hours Battery Bac...,U&I,599,3.9,4050,Black,In the Ear
836,U&i Prime Shuffle 4 IPX5 Bluetooth Headset with 15 Hour...,U&i,999,3.5,16,Green,In the Ear
837,U&I Fighter Series Deep Bass Neckband with 12 Hours Mus...,U&I,399,4.0,0,Black,In the Ear
838,U&i Prime Shuffle 4 IPX5 Bluetooth Headset with 15 Hour...,U&i,999,4.0,1431,Green,In the Ear
839,U&I Fighter Series Deep Bass Neckband with 12 Hours Mus...,U&I,399,3.7,0,Black,In the Ear
840,U&I Yes Series Original True Wireless Headset - 8 Hours...,U&I,949,4.0,92275,White,True Wireless
841,Ubon Passion Series CL-75 Bluetooth Headset,Ubon,589,3.7,31,Black,In the Ear
842,Ubon Passion Series CL-75 Bluetooth Headset,Ubon,589,3.7,31,Black,In the Ear
843,Ubon Passion Series CL-75 Bluetooth Headset,Ubon,589,3.6,464,Black,In the Ear
844,Ubon Passion Series CL-75 Bluetooth Headset,Ubon,589,3.7,3,Black,In the Ear
845,Ubon CL-116 Neckband Bluetooth Headset,Ubon,489,4.0,333036,Yellow,In the Ear
846,Ubon CL-116 Neckband Bluetooth Headset,Ubon,489,3.8,825,Yellow,In the Ear
847,Ubon CL-20FB Wireless Neckband | Built-in 6hrs Bluetoot...,Ubon,559,3.6,39073,Red,In the Ear
848,Ubon Classic Fit BT-160 Single ear Bluetooth Headset,Ubon,579,3.9,188,Black,True Wireless
849,"Ubon Wireless Neckband FLEETBEAT CL-76, Built-in SD-car...",Ubon,799,3.5,3534,Black,In the Ear
850,Ubon BT-5720 Rapstar Wireless 5.0 On Ear Headphone 10 H...,Ubon,999,3.5,1638,Black,On the Ear
851,Ubon UB-785 Champ Earphone Wired Headset,Ubon,149,3.6,6222,Black,In the Ear
852,Ubon CL-66 Sound King 70 Hrs Backup Wireless 5.0 Neckba...,Ubon,1299,3.1,583,Multicolor,In the Ear
853,Ubon Computer Headphone UB-1460 with Mic Wired Headset,Ubon,499,3.9,10398,Black,On the Ear
854,Ubon UB-720 Inline Wired Earphone Wired Headset,Ubon,179,3.5,8889,Black,In the Ear
855,Ubon CL-117 Neckband Bluetooth Headset,Ubon,489,4.1,166582,Orange,In the Ear
856,Ubon BT-5720 Rapstar Wireless 5.0 On Ear Headphone 10 H...,Ubon,999,3.8,355,Black,On the Ear
857,Ubon Passion Series CL-75 Bluetooth Headset,Ubon,589,3.9,480,Black,In the Ear
858,Ubon BT-230 Wireless Headphone Immersive Audio Lightwei...,Ubon,899,4.2,35,Black,On the Ear
859,Ucool Prime 48 Hours Playtime Wireless Neckband Earphon...,Ucool,599,4.0,805,Black,In the Ear
860,Ucool EliteSport 50 Hours Playtime Wireless Neckband Ea...,Ucool,749,4.1,82872,Grey,In the Ear
861,Ucool EliteSport 50 Hours Playtime Wireless Neckband Ea...,Ucool,749,3.3,1842,Grey,In the Ear
862,Ucool SoundSport 80 Hours Playtime Wireless Neckband Ea...,Ucool,799,3.7,6288,Silver,In the Ear
863,Ucool Prime 48 Hours Playtime Wireless Neckband Earphon...,Ucool,599,4.0,805,Red,In the Ear
864,Ucool Evolvesport 30 Hours Backup Wireless Neckband Ear...,Ucool,499,4.0,412,Yellow,In the Ear
865,Ucool Evolvesport 30 Hours Backup Wireless Neckband Ear...,Ucool,499,3.9,1204,Yellow,In the Ear
866,ULTADOR HBS-730 Sports Stereo Headphones Bluetooth Head...,ULTADOR,399,3.8,1575,Black,In the Ear
867,ULTADOR Wireless NECKBAND BLUETOOTH 40 HOURS BATTERY MU...,ULTADOR,899,3.9,18893,Black,In the Ear
868,ULTADOR Wireless NECKBAND BLUETOOTH 40 HOURS BATTERY MU...,ULTADOR,899,5.0,0,Black,In the Ear
869,"ULTADOR Earbuds WirelessEarphones Noise Cancellation, 1...",ULTADOR,849,4.3,140,Black,True Wireless
870,ULTADOR i 12 Q2 Neo with Environment Cancellation Bluet...,ULTADOR,749,3.0,0,White,True Wireless
871,Unix SUPER BASS METAL DYNAMIC Wired Headset,Unix,141,4.0,6102,Black,In the Ear
872,Unix SUPER BASS METAL DYNAMIC Wired Headset,Unix,141,3.9,10398,Black,In the Ear
873,Vingajoy Quick Charge CL-50 Wireless Neckband 45H Playt...,Vingajoy,995,3.9,35280,Black,In the Ear
874,Vingajoy Quick Charge CL-50 Wireless Neckband 45H Playt...,Vingajoy,995,3.9,246,Black,In the Ear
875,Alafi Viv_o hendfree for Red_mi/Op_po/Sam_sung/Mo_to /H...,VlVO,149,4.0,1032,White,In the Ear
876,VlVO High Bass Earphones Wired Headset,VlVO,179,3.4,327,White,In the Ear
877,VR WORLD Bt01 Blutooth Headset Bluetooth Headset,VR,181,3.3,188,Black,In the Ear
878,"Wanzhow Wireless Headphones with Mic, SweatProof Dual P...",Wanzhow,379,3.5,573,White,True Wireless
879,WeCool Moonwalk Mini in ear bluetooth Earbuds with 16 h...,WeCool,849,3.4,0,Yellow,True Wireless
880,WeCool Moonwalk Mini in ear bluetooth Earbuds with 16 h...,WeCool,849,3.9,18893,Yellow,True Wireless
881,WeCool Moonwalk Mini in ear bluetooth Earbuds with 16 h...,WeCool,849,4.3,1049774,Yellow,True Wireless
882,WeCool IN-EAR WIRED EARPHONES WITH MIC Wired Headset,WeCool,279,3.9,13339,Red,In the Ear
883,WeCool Moonwalk Mini in ear bluetooth Earbuds with 16 h...,WeCool,849,3.9,18893,Yellow,True Wireless
884,WeCool Moonwalk M3-V2 Bluetooth In Ear True wireless Ea...,WeCool,1199,3.8,107,Black,True Wireless
885,WeCool Moonwalk Mini in ear bluetooth Earbuds with 16 h...,WeCool,849,3.8,0,Yellow,True Wireless
886,WeCool Moonwalk M1 Bluetooth Earbuds with 20 hours play...,WeCool,799,3.9,10398,Black,True Wireless
887,WeCool Moonwalk Mini in ear bluetooth Earbuds with 16 h...,WeCool,849,5.0,0,Yellow,True Wireless
888,WeCool In Ear USB Type C earphones/ headphones with mic...,WeCool,399,3.7,117,Black,In the Ear
889,WGM B12 Sports Bluetooth Bluetooth Headset,WGM,300,3.9,35280,Black,In the Ear
890,Wings Phantom Pro Gaming TWS with 30 Hrs Playtime Bluet...,Wings,2493,4.0,1934,Black,True Wireless
891,Wings Phantom Pro Gaming TWS with 30 Hrs Playtime Bluet...,Wings,2493,4.0,1934,Black,True Wireless
892,Wings Phantom Pro Gaming TWS with 30 Hrs Playtime Bluet...,Wings,2493,4.0,1934,Black,True Wireless
893,Wings Phantom Pro Gaming TWS with 30 Hrs Playtime Bluet...,Wings,2493,4.0,1934,Black,True Wireless
894,Wings Phantom Pro Gaming TWS with 30 Hrs Playtime Bluet...,Wings,2493,4.0,1934,Black,True Wireless
895,Wings Phantom Pro Gaming TWS with 30 Hrs Playtime Bluet...,Wings,2493,4.0,1934,Black,True Wireless
896,Wings Phantom Pro Gaming TWS with 30 Hrs Playtime Bluet...,Wings,2493,4.0,1934,Black,True Wireless
897,Wings Phantom Pro Gaming TWS with 30 Hrs Playtime Bluet...,Wings,2493,4.0,1934,Black,True Wireless
898,Wings Phantom Pro Gaming TWS with 30 Hrs Playtime Bluet...,Wings,2493,4.0,1934,Black,True Wireless
899,Wings Phantom Pro Gaming TWS with 30 Hrs Playtime Bluet...,Wings,2493,3.9,9212,Black,True Wireless
900,Wings Phantom Pro Gaming TWS with 30 Hrs Playtime Bluet...,Wings,2493,4.0,1193,Black,True Wireless
901,Wings Phantom 500 with ENC and 40 ms latency Bluetooth ...,Wings,2499,3.7,1582,Black,True Wireless
902,Wings Phantom Pro Gaming TWS with 30 Hrs Playtime Bluet...,Wings,2493,4.0,1934,Black,True Wireless
903,Wings Phantom Pro Gaming TWS with 30 Hrs Playtime Bluet...,Wings,2493,3.9,13327,Black,True Wireless
904,Wings Phantom Pro Gaming TWS with 30 Hrs Playtime Bluet...,Wings,2493,3.3,869,Black,True Wireless
905,Wings Phantom Pro Gaming TWS with 30 Hrs Playtime Bluet...,Wings,2493,3.4,35,Black,True Wireless
906,Wings Phantom Pro Gaming TWS with 30 Hrs Playtime Bluet...,Wings,2493,4.0,1934,Black,True Wireless
907,Wings Phantom Pro Gaming TWS with 30 Hrs Playtime Bluet...,Wings,2493,3.9,56,Black,True Wireless
908,Wings Phantom Pro Gaming TWS with 30 Hrs Playtime Bluet...,Wings,2493,4.3,4234,Black,True Wireless
909,Wings Phantom Pro Gaming TWS with 30 Hrs Playtime Bluet...,Wings,2493,4.0,9,Black,True Wireless
910,Wings Phantom Pro Gaming TWS with 30 Hrs Playtime Bluet...,Wings,2493,4.0,1934,Black,True Wireless
911,Wings Phantom Pro Gaming TWS with 30 Hrs Playtime Bluet...,Wings,2493,3.8,49,Black,True Wireless
912,WOKIT Mini Wireless Bluetooth Stereo In-Ear Headset / E...,WOKIT,299,3.3,1842,Black,On the Ear
913,Worricow 100% Wireless Portable Sh-12 Sports Stereo Hea...,Worricow,479,3.8,914,Black,On the Ear
914,Worricow Sport HBS-730 Neckband Wireless Bluetooth Wate...,Worricow,239,3.3,102,Black,In the Ear
915,Worricow Sport HBS-730 Neckband Wireless Bluetooth Wate...,Worricow,239,1.0,0,Black,In the Ear
916,wow wireless true wireless airpods bluetooth headset wi...,wow,799,4.1,173069,Black,True Wireless
917,wow wireless Duel Driver Wired Headset (Blue In ear) Wi...,wow,235,3.8,355,Blue,In the Ear
918,wow wireless Duel Driver Wired Headset (Blue In ear) Wi...,wow,235,3.6,1904,Blue,In the Ear
919,wow wireless basic wired headset with noice cancellatio...,wow,235,3.7,197,Blue,In the Ear
920,wow wireless WX-250 BLUETOOTH NECKBAND WITH 30 HOURS BA...,wow,649,4.0,2834,Blue,In the Ear
921,WRAPMAXTECH OG True Wireless R11 Bluetooth Headset,WRAPMAXTECH,849,3.8,476,Black,True Wireless
922,XB9 bluetooth neckband RED 01 Bluetooth Headset,XB9,300,3.3,56,Red,In the Ear
923,XB9 bluetooth neckband BLUE 01 Bluetooth Headset,XB9,300,4.2,19975,Blue,In the Ear
924,XB9 b11 neckband wirless headset P1 Bluetooth Headset,XB9,300,3.7,38,Blue,In the Ear
925,YODNSO 42472 Wired Headset,YODNSO,148,3.8,107,Black,In the Ear
926,YODNSO 42472 Wired Headset,YODNSO,148,4.0,26069,Black,In the Ear
927,"YODNSO Op_po F9 Pro, F11 A3s, A7, A5, A83, F5, F7, K1 E...",YODNSO,149,4.2,6771,White,In the Ear
928,"YODNSO Op_po F9 Pro, F11 A3s, A7, A5, A83, F5, F7, K1 E...",YODNSO,149,3.5,4,White,In the Ear
929,youshee tech i7s tws Bluetooth Headset,youshee,359,3.6,97,White,True Wireless
930,yRut NEW SOON_NY SUPER BASS SOUND LOW PRICE IN2 BLUETOO...,yRut,498,4.3,114661,Blue,In the Ear
931,ZEBRONICS ZEB-SYMPHONY Bluetooth Headset,ZEBRONICS,649,4.3,114661,Black,In the Ear
932,ZEBRONICS ZEB-SYMPHONY Bluetooth Headset,ZEBRONICS,649,4.0,70713,Black,In the Ear
933,ZEBRONICS ZEB-Thunder(Black) Bluetooth Headset,ZEBRONICS,849,4.0,41082,Black,On the Ear
934,ZEBRONICS Evolve Bluetooth Headset,ZEBRONICS,664,3.9,9212,Black,On the Ear
935,ZEBRONICS Zeb-Thunder PRO Wireless Bluetooth Headset,ZEBRONICS,986,3.3,1842,Black,On the Ear
936,ZEBRONICS Evolve Bluetooth Headset,ZEBRONICS,664,3.9,9212,Black,On the Ear
937,ZEBRONICS Zeb-Thunder PRO Wireless Bluetooth Headset,ZEBRONICS,986,4.1,1712,Black,On the Ear
938,ZEBRONICS Zeb-Evolve Bluetooth Headset,ZEBRONICS,699,3.7,20584,Metallic Red,In the Ear
939,ZEBRONICS ZEB-200HM MULTIMEDIA HEADPHONE WITH MIC Wired...,ZEBRONICS,499,3.7,17002,Black,On the Ear
940,ZEBRONICS Zeb Duke 101 Wireless Headphone with Mic Blue...,ZEBRONICS,937,4.1,569,Blue,On the Ear
941,ZEBRONICS Yoga Bluetooth Headset,ZEBRONICS,949,3.6,800,Yellow,On the Ear
942,ZEBRONICS Zeb-Rush Wired Gaming Headset,ZEBRONICS,1149,4.1,172,Red,On the Ear
943,ZEBRONICS Zeb-Iron Head Wired Gaming Headset,ZEBRONICS,999,3.8,86505,Black,On the Ear
944,ZEBRONICS ZEB-BANG Bluetooth Headset,ZEBRONICS,795,3.8,13,Orange,On the Ear
945,ZEBRONICS Zeb-Rush Wired Gaming Headset,ZEBRONICS,1149,4.1,172,Blue,On the Ear
946,ZEBRONICS Zeb-Bang Bluetooth Headset,ZEBRONICS,840,4.0,6781,Black,On the Ear
947,ZEBRONICS ZEB-COROLLA Wired Headset,ZEBRONICS,199,3.5,2649,Black,In the Ear
948,ZEBRONICS Zeb-Thunder(Blue) Bluetooth Headset,ZEBRONICS,799,4.3,4051,Blue,On the Ear
949,ZEBRONICS ZEB-BRO+ Extra Heavy bass earphone Wired Head...,ZEBRONICS,228,4.0,0,Black,In the Ear
950,ZEBRONICS Zeb-Lark Wireless Bluetooth Headset,ZEBRONICS,999,3.4,1396,Red,In the Ear
951,ZEBRONICS ZEB DUKE 101 Wireless Headphone with Mic Blue...,ZEBRONICS,944,4.0,4,Black,On the Ear
952,ZEBRONICS Zeb Yoga 90 Plus Bluetooth Headset,ZEBRONICS,899,3.8,42,Black,On the Ear
953,ZEBRONICS ZEB-COROLLA Wired Headset,ZEBRONICS,199,3.6,8279,Black,In the Ear
954,ZEBRONICS ZEB DUKE 101 Wireless Headphone with Mic Blue...,ZEBRONICS,944,3.5,573,Black,On the Ear
955,ZEBRONICS ZEB-LARK Bluetooth Headset,ZEBRONICS,855,3.7,6288,Gray,In the Ear
956,"ZEBRONICS Zeb - Thunder Wired, Bluetooth Headset",ZEBRONICS,899,3.5,8,Neon Yellow,On the Ear
957,ZEBRONICS Zeb Duke 101 Wireless Headphone with Mic Blue...,ZEBRONICS,937,3.8,2949,Red,On the Ear
958,ZEBRONICS ZEB-LARK Bluetooth Headset,ZEBRONICS,855,3.6,753,Gray,In the Ear
959,ZEBRONICS Zeb- Yoga 90 Pro Wireless Neckband (Black) Bl...,ZEBRONICS,937,4.1,9,Black,In the Ear
960,ZEBRONICS Zeb-lark Bluetooth Headset,ZEBRONICS,1150,3.5,573,Orange,In the Ear
961,ZINUX Cyan 3.5mm Headphone with in-line Mic for Hi-Fi A...,ZINUX,148,3.9,221939,Multicolor,On the Ear
962,ZINUX Cyan 3.5mm Headphone with in-line Mic for Hi-Fi A...,ZINUX,148,3.6,745,Multicolor,On the Ear
963,zofia 2EARBUD Bluetooth Headset,zofia,1299,4.2,38,Black,True Wireless
964,ZOYASLIX Best Sam_sung ys Hendfree S6 FOR J4/J5/J7/J8/A...,ZOYASLIX,202,4.8,6,White,In the Ear
965,ZOYASLIX Best Sam_sung ys Hendfree S6 FOR J4/J5/J7/J8/A...,ZOYASLIX,202,4.3,7,White,In the Ear
966,ZSIV BT-22 SUPER BASS Grey With Long Life Battery Bluet...,ZSIV,449,4.0,6245,Black,In the Ear
967,ZSIV BT-22 SUPER BASS Grey With Long Life Battery Bluet...,ZSIV,449,5.0,0,Black,In the Ear
